"Drawing Date","Winning Numbers","Powerball","Powerplay"
"2020-09-19","11 - 14 - 23 - 47 - 57","14","x4"
"2020-09-16","10 - 17 - 31 - 51 - 53","1","x2"
"2020-09-12","16 - 17 - 20 - 53 - 67","4","x2"
"2020-09-09","27 - 52 - 55 - 60 - 64","21","x3"
"2020-09-05","15 - 21 - 22 - 27 - 47","7","x2"
"2020-09-02","1 - 4 - 11 - 20 - 69","18","x2"
"2020-08-29","5 - 21 - 22 - 29 - 43","10","x2"
"2020-08-26","8 - 12 - 19 - 47 - 58","2","x2"
"2020-08-22","19 - 30 - 36 - 42 - 66","14","x3"
"2020-08-19","13 - 23 - 47 - 55 - 58","23","x10"
"2020-08-15","5 - 12 - 34 - 45 - 56","3","x3"
"2020-08-12","2 - 6 - 18 - 36 - 37","21","x2"
"2020-08-08","2 - 3 - 14 - 40 - 51","24","x3"
"2020-08-05","7 - 14 - 17 - 57 - 65","24","x5"
"2020-08-01","6 - 25 - 36 - 43 - 48","24","x3"
"2020-07-29","7 - 29 - 35 - 40 - 45","26","x2"
"2020-07-25","5 - 21 - 36 - 61 - 62","18","x2"
"2020-07-22","16 - 25 - 36 - 44 - 55","14","x3"
"2020-07-18","13 - 16 - 32 - 58 - 59","9","x2"
"2020-07-15","27 - 47 - 61 - 62 - 69","4","x10"
"2020-07-11","14 - 19 - 61 - 62 - 64","4","x2"
"2020-07-08","3 - 10 - 34 - 36 - 62","5","x10"
"2020-07-04","16 - 21 - 27 - 60 - 61","6","x2"
"2020-07-01","15 - 28 - 52 - 53 - 63","18","x4"
"2020-06-27","9 - 36 - 49 - 56 - 62","8","x2"
"2020-06-24","15 - 22 - 27 - 33 - 46","23","x3"
"2020-06-20","10 - 31 - 41 - 63 - 67","5","x3"
"2020-06-17","7 - 10 - 63 - 64 - 68","10","x3"
"2020-06-13","2 - 12 - 32 - 50 - 65","5","x3"
"2020-06-10","10 - 33 - 41 - 52 - 54","18","x5"
"2020-06-06","1 - 17 - 38 - 68 - 69","18","x2"
"2020-06-03","1 - 3 - 26 - 41 - 64","17","x2"
"2020-05-30","13 - 32 - 41 - 58 - 60","14","x2"
"2020-05-27","38 - 58 - 59 - 64 - 68","21","x3"
"2020-05-23","2 - 8 - 18 - 21 - 23","16","x4"
"2020-05-20","18 - 34 - 40 - 42 - 50","9","x2"
"2020-05-16","8 - 12 - 26 - 39 - 42","11","x2"
"2020-05-13","39 - 53 - 54 - 56 - 57","20","x3"
"2020-05-09","12 - 18 - 42 - 48 - 65","19","x5"
"2020-05-06","7 - 8 - 35 - 50 - 65","20","x4"
"2020-05-02","13 - 16 - 33 - 58 - 68","24","x5"
"2020-04-29","2 - 20 - 49 - 61 - 67","20","x2"
"2020-04-25","1 - 3 - 21 - 47 - 57","18","x2"
"2020-04-22","1 - 33 - 35 - 40 - 69","24","x5"
"2020-04-18","4 - 44 - 46 - 56 - 63","19","x2"
"2020-04-15","10 - 12 - 33 - 36 - 41","2","x3"
"2020-04-11","22 - 29 - 30 - 42 - 47","17","x3"
"2020-04-08","2 - 37 - 39 - 48 - 54","5","x3"
"2020-04-04","8 - 31 - 39 - 40 - 43","4","x3"
"2020-04-01","33 - 35 - 45 - 48 - 60","16","x2"
"2020-03-28","7 - 40 - 48 - 55 - 66","11","x2"
"2020-03-25","5 - 9 - 27 - 39 - 42","16","x2"
"2020-03-21","2 - 23 - 40 - 59 - 69","13","x2"
"2020-03-18","15 - 27 - 44 - 59 - 63","8","x4"
"2020-03-14","9 - 23 - 26 - 30 - 32","8","x3"
"2020-03-11","4 - 29 - 49 - 50 - 67","2","x4"
"2020-03-07","7 - 15 - 21 - 33 - 62","23","x2"
"2020-03-04","18 - 43 - 58 - 60 - 68","14","x2"
"2020-02-29","24 - 44 - 46 - 50 - 51","13","x3"
"2020-02-26","8 - 27 - 29 - 36 - 47","24","x3"
"2020-02-22","25 - 37 - 39 - 61 - 62","11","x3"
"2020-02-19","10 - 12 - 15 - 19 - 56","19","x2"
"2020-02-15","16 - 32 - 35 - 36 - 46","3","x3"
"2020-02-12","14 - 47 - 54 - 55 - 68","25","x2"
"2020-02-08","35 - 49 - 50 - 59 - 66","6","x2"
"2020-02-05","23 - 30 - 35 - 41 - 57","2","x3"
"2020-02-01","12 - 33 - 54 - 57 - 60","13","x4"
"2020-01-29","9 - 12 - 15 - 31 - 60","2","x2"
"2020-01-25","2 - 9 - 17 - 36 - 67","18","x2"
"2020-01-22","11 - 33 - 44 - 59 - 67","8","x3"
"2020-01-18","20 - 24 - 38 - 56 - 68","18","x2"
"2020-01-15","39 - 41 - 53 - 55 - 68","19","x2"
"2020-01-11","3 - 21 - 23 - 31 - 59","3","x2"
"2020-01-08","2 - 4 - 7 - 43 - 56","22","x4"
"2020-01-04","1 - 11 - 21 - 25 - 54","7","x2"
"2020-01-01","49 - 53 - 57 - 59 - 62","26","x2"
"2019-12-28","20 - 23 - 39 - 59 - 60","18","x2"
"2019-12-25","2 - 4 - 16 - 30 - 46","20","x2"
"2019-12-21","19 - 31 - 35 - 50 - 67","14","x2"
"2019-12-18","14 - 18 - 26 - 39 - 68","9","x2"
"2019-12-14","3 - 6 - 12 - 32 - 64","19","x3"
"2019-12-11","24 - 29 - 42 - 44 - 63","10","x4"
"2019-12-07","18 - 42 - 53 - 62 - 66","25","x3"
"2019-12-04","8 - 27 - 44 - 51 - 61","14","x3"
"2019-11-30","15 - 35 - 42 - 63 - 68","18","x4"
"2019-11-27","15 - 26 - 37 - 53 - 55","21","x2"
"2019-11-23","28 - 35 - 38 - 61 - 66","23","x3"
"2019-11-20","7 - 15 - 39 - 40 - 57","12","x2"
"2019-11-16","14 - 22 - 26 - 55 - 63","26","x3"
"2019-11-13","23 - 26 - 27 - 28 - 66","11","x2"
"2019-11-09","14 - 17 - 35 - 38 - 60","25","x2"
"2019-11-06","15 - 28 - 46 - 62 - 64","17","x3"
"2019-11-02","3 - 23 - 32 - 37 - 58","22","x2"
"2019-10-30","19 - 22 - 52 - 56 - 67","21","x2"
"2019-10-26","3 - 20 - 48 - 54 - 59","4","x4"
"2019-10-23","5 - 12 - 50 - 61 - 69","23","x2"
"2019-10-19","14 - 27 - 29 - 59 - 65","12","x2"
"2019-10-16","1 - 5 - 25 - 63 - 67","3","x2"
"2019-10-12","12 - 29 - 34 - 53 - 65","23","x2"
"2019-10-09","5 - 18 - 33 - 43 - 65","2","x2"
"2019-10-05","6 - 14 - 36 - 51 - 54","4","x2"
"2019-10-02","4 - 8 - 10 - 43 - 53","7","x2"
"2019-09-28","15 - 23 - 34 - 51 - 55","4","x2"
"2019-09-25","37 - 43 - 44 - 45 - 53","25","x3"
"2019-09-21","1 - 9 - 22 - 36 - 68","22","x2"
"2019-09-18","14 - 19 - 39 - 47 - 51","15","x3"
"2019-09-14","11 - 27 - 31 - 36 - 67","11","x2"
"2019-09-11","6 - 17 - 24 - 53 - 57","3","x3"
"2019-09-07","11 - 20 - 41 - 42 - 56","6","x2"
"2019-09-04","4 - 8 - 30 - 52 - 59","2","x10"
"2019-08-31","14 - 41 - 50 - 56 - 57","18","x5"
"2019-08-28","9 - 32 - 37 - 41 - 56","14","x10"
"2019-08-24","5 - 12 - 20 - 21 - 47","1","x2"
"2019-08-21","12 - 21 - 22 - 29 - 32","21","x2"
"2019-08-17","18 - 21 - 24 - 30 - 60","20","x3"
"2019-08-14","10 - 13 - 30 - 51 - 69","10","x2"
"2019-08-10","35 - 41 - 44 - 58 - 59","3","x3"
"2019-08-07","8 - 32 - 47 - 53 - 59","3","x3"
"2019-08-03","3 - 6 - 45 - 66 - 68","13","x2"
"2019-07-31","14 - 37 - 47 - 55 - 67","6","x2"
"2019-07-27","1 - 19 - 31 - 48 - 61","6","x2"
"2019-07-24","22 - 29 - 35 - 53 - 56","13","x2"
"2019-07-20","5 - 26 - 36 - 64 - 69","19","x3"
"2019-07-17","19 - 43 - 47 - 60 - 68","10","x2"
"2019-07-13","13 - 23 - 32 - 35 - 68","21","x3"
"2019-07-10","7 - 9 - 26 - 44 - 68","3","x3"
"2019-07-06","4 - 8 - 23 - 46 - 65","1","x2"
"2019-07-03","40 - 43 - 45 - 50 - 61","25","x3"
"2019-06-29","13 - 17 - 24 - 59 - 62","8","x2"
"2019-06-26","1 - 5 - 16 - 22 - 54","24","x3"
"2019-06-22","3 - 6 - 11 - 14 - 66","21","x2"
"2019-06-19","4 - 18 - 21 - 26 - 38","1","x3"
"2019-06-15","8 - 11 - 14 - 16 - 49","14","x3"
"2019-06-12","5 - 35 - 38 - 42 - 57","13","x2"
"2019-06-08","9 - 13 - 42 - 48 - 60","18","x2"
"2019-06-05","17 - 23 - 28 - 34 - 38","8","x3"
"2019-06-01","6 - 15 - 34 - 45 - 52","8","x2"
"2019-05-29","3 - 32 - 34 - 42 - 61","7","x2"
"2019-05-25","1 - 2 - 39 - 43 - 66","2","x3"
"2019-05-22","7 - 10 - 20 - 44 - 57","3","x2"
"2019-05-18","2 - 10 - 25 - 66 - 67","26","x4"
"2019-05-15","7 - 17 - 33 - 61 - 68","4","x2"
"2019-05-11","6 - 8 - 9 - 37 - 40","26","x2"
"2019-05-08","1 - 45 - 53 - 64 - 66","3","x3"
"2019-05-04","6 - 16 - 23 - 30 - 61","2","x2"
"2019-05-01","5 - 23 - 28 - 56 - 66","17","x5"
"2019-04-27","2 - 29 - 41 - 45 - 62","6","x3"
"2019-04-24","6 - 32 - 35 - 36 - 65","4","x5"
"2019-04-20","3 - 27 - 30 - 63 - 65","1","x3"
"2019-04-17","1 - 15 - 17 - 46 - 66","15","x3"
"2019-04-13","4 - 17 - 26 - 32 - 49","10","x2"
"2019-04-10","12 - 21 - 23 - 39 - 67","6","x4"
"2019-04-06","15 - 33 - 43 - 59 - 60","8","x3"
"2019-04-03","16 - 19 - 25 - 32 - 49","18","x2"
"2019-03-30","21 - 52 - 54 - 64 - 68","4","x3"
"2019-03-27","16 - 20 - 37 - 44 - 62","12","x3"
"2019-03-23","24 - 25 - 52 - 60 - 66","5","x3"
"2019-03-20","10 - 14 - 50 - 53 - 63","21","x2"
"2019-03-16","30 - 34 - 39 - 53 - 67","11","x2"
"2019-03-13","18 - 36 - 45 - 47 - 69","14","x3"
"2019-03-09","5 - 6 - 45 - 55 - 59","14","x3"
"2019-03-06","6 - 10 - 21 - 35 - 46","23","x2"
"2019-03-02","1 - 19 - 25 - 27 - 68","21","x2"
"2019-02-27","21 - 31 - 42 - 49 - 59","23","x5"
"2019-02-23","4 - 6 - 14 - 20 - 32","13","x2"
"2019-02-20","27 - 49 - 50 - 51 - 52","2","x2"
"2019-02-16","29 - 30 - 41 - 48 - 64","1","x4"
"2019-02-13","2 - 8 - 14 - 24 - 69","26","x2"
"2019-02-09","1 - 2 - 3 - 7 - 39","25","x3"
"2019-02-06","5 - 13 - 28 - 38 - 63","21","x5"
"2019-02-02","10 - 17 - 18 - 43 - 65","13","x5"
"2019-01-30","2 - 12 - 16 - 29 - 54","6","x2"
"2019-01-26","8 - 12 - 20 - 21 - 32","10","x4"
"2019-01-23","23 - 25 - 47 - 48 - 50","24","x3"
"2019-01-19","5 - 8 - 41 - 65 - 66","20","x3"
"2019-01-16","14 - 29 - 31 - 56 - 61","1","x2"
"2019-01-12","7 - 36 - 48 - 57 - 58","24","x2"
"2019-01-09","6 - 19 - 37 - 49 - 59","22","x3"
"2019-01-05","3 - 7 - 15 - 27 - 69","19","x2"
"2019-01-02","8 - 12 - 42 - 46 - 56","12","x2"
"2018-12-29","12 - 42 - 51 - 53 - 62","25","x2"
"2018-12-26","5 - 25 - 38 - 52 - 67","24","x2"
"2018-12-22","21 - 28 - 30 - 40 - 59","26","x3"
"2018-12-19","15 - 29 - 31 - 37 - 43","16","x2"
"2018-12-15","8 - 38 - 43 - 52 - 55","17","x3"
"2018-12-12","4 - 9 - 21 - 29 - 64","26","x2"
"2018-12-08","14 - 32 - 34 - 46 - 61","10","x2"
"2018-12-05","9 - 11 - 36 - 37 - 38","11","x5"
"2018-12-01","10 - 11 - 47 - 55 - 58","26","x2"
"2018-11-28","4 - 19 - 59 - 68 - 69","21","x2"
"2018-11-24","11 - 33 - 51 - 56 - 58","18","x2"
"2018-11-21","7 - 14 - 23 - 38 - 55","18","x2"
"2018-11-17","6 - 8 - 20 - 52 - 68","5","x2"
"2018-11-14","7 - 42 - 49 - 62 - 69","23","x5"
"2018-11-10","5 - 29 - 34 - 53 - 57","24","x2"
"2018-11-07","26 - 28 - 34 - 42 - 50","25","x2"
"2018-11-03","15 - 21 - 24 - 32 - 65","11","x3"
"2018-10-31","7 - 25 - 39 - 40 - 47","20","x3"
"2018-10-27","8 - 12 - 13 - 19 - 27","4","x3"
"2018-10-24","3 - 21 - 45 - 53 - 56","22","x2"
"2018-10-20","16 - 54 - 57 - 62 - 69","23","x2"
"2018-10-17","3 - 57 - 64 - 68 - 69","15","x3"
"2018-10-13","11 - 14 - 32 - 43 - 65","15","x3"
"2018-10-10","8 - 23 - 27 - 42 - 60","7","x3"
"2018-10-06","1 - 22 - 27 - 53 - 67","15","x3"
"2018-10-03","41 - 53 - 59 - 63 - 66","3","x3"
"2018-09-29","9 - 17 - 34 - 59 - 64","22","x2"
"2018-09-26","1 - 2 - 7 - 30 - 50","8","x5"
"2018-09-22","24 - 61 - 63 - 64 - 69","18","x5"
"2018-09-19","4 - 39 - 48 - 50 - 51","11","x3"
"2018-09-15","2 - 18 - 19 - 24 - 34","3","x3"
"2018-09-12","6 - 28 - 48 - 63 - 64","24","x2"
"2018-09-08","3 - 13 - 20 - 32 - 33","21","x3"
"2018-09-05","6 - 15 - 50 - 59 - 60","13","x2"
"2018-09-01","11 - 54 - 55 - 61 - 66","9","x3"
"2018-08-29","25 - 41 - 53 - 57 - 67","12","x2"
"2018-08-25","20 - 25 - 54 - 57 - 63","8","x2"
"2018-08-22","1 - 7 - 45 - 47 - 69","13","x2"
"2018-08-18","24 - 34 - 52 - 61 - 67","16","x3"
"2018-08-15","12 - 15 - 28 - 47 - 48","16","x2"
"2018-08-11","5 - 43 - 56 - 62 - 68","24","x2"
"2018-08-08","10 - 21 - 30 - 43 - 63","17","x2"
"2018-08-04","3 - 11 - 38 - 44 - 58","2","x4"
"2018-08-01","5 - 22 - 32 - 38 - 58","26","x2"
"2018-07-28","22 - 27 - 46 - 56 - 65","13","x2"
"2018-07-25","2 - 18 - 41 - 44 - 64","26","x2"
"2018-07-21","9 - 23 - 56 - 58 - 68","1","x2"
"2018-07-18","1 - 10 - 27 - 28 - 36","12","x2"
"2018-07-14","22 - 41 - 42 - 49 - 67","11","x3"
"2018-07-11","19 - 21 - 27 - 46 - 47","7","x4"
"2018-07-07","1 - 10 - 43 - 45 - 64","22","x3"
"2018-07-04","4 - 7 - 15 - 41 - 44","10","x2"
"2018-06-30","3 - 9 - 20 - 42 - 61","24","x2"
"2018-06-27","7 - 28 - 37 - 62 - 63","15","x2"
"2018-06-23","16 - 29 - 43 - 45 - 56","25","x2"
"2018-06-20","4 - 14 - 23 - 27 - 56","13","x2"
"2018-06-16","9 - 45 - 57 - 58 - 65","9","x2"
"2018-06-13","13 - 20 - 38 - 45 - 55","1","x2"
"2018-06-09","6 - 10 - 15 - 25 - 36","14","x3"
"2018-06-06","23 - 28 - 41 - 53 - 56","14","x3"
"2018-06-02","23 - 25 - 37 - 44 - 64","7","x4"
"2018-05-30","17 - 23 - 26 - 46 - 68","20","x2"
"2018-05-26","1 - 21 - 31 - 45 - 49","21","x2"
"2018-05-23","20 - 54 - 56 - 61 - 64","7","x4"
"2018-05-19","3 - 6 - 9 - 17 - 56","25","x3"
"2018-05-16","17 - 19 - 21 - 22 - 51","19","x2"
"2018-05-12","22 - 42 - 45 - 55 - 56","14","x3"
"2018-05-09","11 - 16 - 38 - 50 - 69","19","x2"
"2018-05-05","14 - 29 - 36 - 57 - 61","17","x4"
"2018-05-02","5 - 14 - 31 - 40 - 50","6","x2"
"2018-04-28","20 - 22 - 28 - 45 - 50","8","x5"
"2018-04-25","17 - 18 - 39 - 56 - 64","12","x3"
"2018-04-21","40 - 50 - 54 - 62 - 69","19","x2"
"2018-04-18","9 - 10 - 12 - 17 - 23","9","x2"
"2018-04-14","17 - 19 - 26 - 61 - 62","15","x2"
"2018-04-11","16 - 18 - 27 - 55 - 67","18","x3"
"2018-04-07","2 - 17 - 20 - 38 - 39","20","x2"
"2018-04-04","8 - 24 - 42 - 54 - 64","24","x4"
"2018-03-31","8 - 24 - 52 - 55 - 61","21","x3"
"2018-03-28","6 - 8 - 26 - 52 - 53","21","x2"
"2018-03-24","10 - 33 - 45 - 53 - 56","24","x3"
"2018-03-21","3 - 4 - 18 - 29 - 61","25","x2"
"2018-03-17","22 - 57 - 59 - 60 - 66","7","x2"
"2018-03-14","6 - 12 - 24 - 41 - 68","9","x3"
"2018-03-10","43 - 44 - 54 - 61 - 69","22","x3"
"2018-03-07","6 - 13 - 19 - 36 - 51","18","x2"
"2018-03-03","13 - 17 - 25 - 36 - 40","5","x2"
"2018-02-28","12 - 30 - 59 - 65 - 69","16","x5"
"2018-02-24","24 - 25 - 38 - 62 - 63","6","x2"
"2018-02-21","7 - 15 - 31 - 34 - 36","8","x3"
"2018-02-17","13 - 26 - 39 - 44 - 62","2","x3"
"2018-02-14","37 - 39 - 44 - 46 - 69","26","x2"
"2018-02-10","1 - 13 - 27 - 41 - 59","20","x5"
"2018-02-07","23 - 34 - 35 - 40 - 47","10","x2"
"2018-02-03","15 - 23 - 27 - 48 - 53","6","x2"
"2018-01-31","4 - 7 - 14 - 46 - 59","22","x10"
"2018-01-27","17 - 21 - 26 - 47 - 54","7","x2"
"2018-01-24","5 - 9 - 11 - 33 - 64","21","x3"
"2018-01-20","26 - 28 - 47 - 49 - 58","3","x4"
"2018-01-17","3 - 33 - 37 - 51 - 57","21","x2"
"2018-01-13","14 - 25 - 35 - 58 - 69","24","x2"
"2018-01-10","7 - 24 - 33 - 49 - 50","4","x5"
"2018-01-06","12 - 29 - 30 - 33 - 61","26","x3"
"2018-01-03","2 - 18 - 37 - 39 - 42","12","x3"
"2017-12-30","28 - 36 - 41 - 51 - 58","24","x2"
"2017-12-27","3 - 9 - 16 - 56 - 60","3","x3"
"2017-12-23","1 - 3 - 13 - 15 - 44","25","x2"
"2017-12-20","1 - 20 - 61 - 64 - 69","20","x2"
"2017-12-16","9 - 35 - 37 - 50 - 63","11","x2"
"2017-12-13","2 - 24 - 28 - 51 - 58","7","x3"
"2017-12-09","25 - 36 - 37 - 55 - 60","6","x5"
"2017-12-06","19 - 20 - 50 - 55 - 62","9","x2"
"2017-12-02","28 - 30 - 32 - 36 - 58","6","x3"
"2017-11-29","24 - 26 - 28 - 59 - 63","16","x3"
"2017-11-25","8 - 13 - 27 - 53 - 54","4","x2"
"2017-11-22","35 - 37 - 46 - 51 - 61","13","x2"
"2017-11-18","17 - 28 - 31 - 32 - 39","26","x3"
"2017-11-15","23 - 32 - 44 - 48 - 50","25","x2"
"2017-11-11","4 - 6 - 16 - 30 - 56","18","x2"
"2017-11-08","12 - 14 - 20 - 21 - 34","22","x2"
"2017-11-04","12 - 14 - 26 - 48 - 51","13","x3"
"2017-11-01","3 - 6 - 19 - 26 - 44","1","x2"
"2017-10-28","27 - 35 - 38 - 57 - 66","10","x2"
"2017-10-25","18 - 22 - 29 - 54 - 57","8","x3"
"2017-10-21","14 - 41 - 42 - 45 - 69","4","x2"
"2017-10-18","30 - 49 - 54 - 66 - 69","8","x2"
"2017-10-14","32 - 37 - 56 - 66 - 69","11","x3"
"2017-10-11","1 - 3 - 13 - 19 - 69","23","x2"
"2017-10-07","10 - 49 - 61 - 63 - 65","7","x2"
"2017-10-04","22 - 23 - 62 - 63 - 66","24","x2"
"2017-09-30","8 - 12 - 25 - 41 - 64","15","x3"
"2017-09-27","8 - 10 - 21 - 23 - 25","22","x3"
"2017-09-23","24 - 45 - 55 - 56 - 57","19","x2"
"2017-09-20","39 - 48 - 53 - 67 - 68","26","x3"
"2017-09-16","17 - 18 - 24 - 25 - 31","24","x2"
"2017-09-13","17 - 24 - 35 - 57 - 63","19","x3"
"2017-09-09","6 - 20 - 29 - 57 - 59","22","x2"
"2017-09-06","8 - 14 - 32 - 58 - 67","17","x3"
"2017-09-02","6 - 21 - 41 - 52 - 62","26","x2"
"2017-08-30","19 - 28 - 43 - 67 - 69","7","x2"
"2017-08-26","7 - 15 - 32 - 38 - 66","15","x2"
"2017-08-23","6 - 7 - 16 - 23 - 26","4","x4"
"2017-08-19","17 - 19 - 39 - 43 - 68","13","x4"
"2017-08-16","9 - 15 - 43 - 60 - 64","4","x3"
"2017-08-12","20 - 24 - 26 - 35 - 49","19","x2"
"2017-08-09","12 - 30 - 36 - 47 - 62","9","x4"
"2017-08-05","11 - 21 - 28 - 33 - 45","11","x2"
"2017-08-02","1 - 16 - 54 - 63 - 69","18","x3"
"2017-07-29","1 - 28 - 40 - 45 - 48","12","x2"
"2017-07-26","7 - 19 - 21 - 42 - 69","12","x2"
"2017-07-22","5 - 32 - 44 - 53 - 60","9","x3"
"2017-07-19","50 - 51 - 59 - 61 - 63","4","x5"
"2017-07-15","9 - 40 - 63 - 64 - 66","17","x2"
"2017-07-12","1 - 2 - 18 - 23 - 61","9","x2"
"2017-07-08","8 - 10 - 29 - 40 - 59","26","x2"
"2017-07-05","4 - 9 - 16 - 54 - 68","21","x2"
"2017-07-01","19 - 42 - 45 - 48 - 53","16","x3"
"2017-06-28","29 - 37 - 46 - 53 - 68","8","x2"
"2017-06-24","10 - 22 - 32 - 36 - 58","10","x4"
"2017-06-21","14 - 46 - 61 - 65 - 68","13","x2"
"2017-06-17","10 - 13 - 32 - 53 - 62","21","x2"
"2017-06-14","5 - 22 - 43 - 57 - 63","24","x2"
"2017-06-10","20 - 26 - 32 - 38 - 58","3","x2"
"2017-06-07","5 - 21 - 57 - 66 - 69","13","x3"
"2017-06-03","3 - 9 - 21 - 41 - 54","25","x4"
"2017-05-31","4 - 33 - 39 - 46 - 60","6","x2"
"2017-05-27","5 - 10 - 28 - 55 - 67","9","x3"
"2017-05-24","28 - 32 - 33 - 38 - 62","15","x2"
"2017-05-20","5 - 22 - 45 - 47 - 54","3","x2"
"2017-05-17","4 - 11 - 39 - 45 - 48","9","x3"
"2017-05-13","17 - 20 - 32 - 63 - 68","19","x5"
"2017-05-10","29 - 31 - 46 - 56 - 62","8","x2"
"2017-05-06","11 - 21 - 31 - 41 - 59","21","x3"
"2017-05-03","17 - 18 - 49 - 59 - 66","9","x2"
"2017-04-29","22 - 23 - 24 - 45 - 62","5","x2"
"2017-04-26","1 - 15 - 18 - 26 - 51","26","x4"
"2017-04-22","21 - 39 - 41 - 48 - 63","6","x3"
"2017-04-19","1 - 19 - 37 - 40 - 52","15","x3"
"2017-04-15","5 - 22 - 26 - 45 - 61","13","x3"
"2017-04-12","8 - 14 - 61 - 63 - 68","24","x2"
"2017-04-08","23 - 36 - 51 - 53 - 60","15","x2"
"2017-04-05","8 - 20 - 46 - 53 - 54","13","x2"
"2017-04-01","9 - 32 - 36 - 44 - 65","1","x3"
"2017-03-29","8 - 15 - 31 - 36 - 62","11","x3"
"2017-03-25","18 - 31 - 32 - 45 - 48","16","x4"
"2017-03-22","2 - 9 - 27 - 29 - 42","9","x2"
"2017-03-18","13 - 25 - 44 - 54 - 67","5","x3"
"2017-03-15","16 - 30 - 41 - 48 - 53","16","x3"
"2017-03-11","1 - 26 - 41 - 50 - 57","11","x2"
"2017-03-08","23 - 33 - 42 - 46 - 59","4","x2"
"2017-03-04","2 - 18 - 19 - 22 - 63","19","x3"
"2017-03-01","10 - 16 - 40 - 52 - 55","17","x10"
"2017-02-25","6 - 32 - 47 - 62 - 65","19","x2"
"2017-02-22","10 - 13 - 28 - 52 - 61","2","x2"
"2017-02-18","3 - 7 - 9 - 31 - 33","20","x3"
"2017-02-15","5 - 28 - 33 - 38 - 42","19","x2"
"2017-02-11","5 - 9 - 17 - 37 - 64","2","x2"
"2017-02-08","14 - 20 - 42 - 49 - 66","5","x2"
"2017-02-04","6 - 13 - 16 - 17 - 52","25","x3"
"2017-02-01","9 - 43 - 57 - 60 - 64","10","x2"
"2017-01-28","12 - 20 - 39 - 49 - 69","17","x2"
"2017-01-25","18 - 28 - 62 - 66 - 68","22","x2"
"2017-01-21","23 - 25 - 45 - 52 - 67","2","x2"
"2017-01-18","9 - 40 - 41 - 53 - 58","12","x2"
"2017-01-14","23 - 55 - 59 - 64 - 69","13","x5"
"2017-01-11","1 - 3 - 13 - 16 - 43","24","x2"
"2017-01-07","3 - 12 - 24 - 37 - 63","10","x2"
"2017-01-04","16 - 17 - 29 - 41 - 42","4","x3"
"2016-12-31","1 - 3 - 28 - 57 - 67","9","x2"
"2016-12-28","16 - 23 - 30 - 44 - 58","4","x2"
"2016-12-24","28 - 38 - 42 - 51 - 52","21","x2"
"2016-12-21","25 - 33 - 40 - 54 - 68","3","x5"
"2016-12-17","1 - 8 - 16 - 40 - 48","10","x2"
"2016-12-14","18 - 26 - 37 - 39 - 66","15","x3"
"2016-12-10","12 - 21 - 32 - 44 - 66","15","x2"
"2016-12-07","41 - 48 - 49 - 53 - 64","20","x2"
"2016-12-03","8 - 10 - 26 - 27 - 33","22","x2"
"2016-11-30","3 - 14 - 18 - 25 - 45","7","x2"
"2016-11-26","17 - 19 - 21 - 37 - 44","16","x2"
"2016-11-23","7 - 32 - 41 - 47 - 61","3","x2"
"2016-11-19","16 - 24 - 28 - 43 - 61","21","x2"
"2016-11-16","28 - 41 - 61 - 63 - 65","7","x2"
"2016-11-12","8 - 17 - 20 - 27 - 52","24","x2"
"2016-11-09","1 - 25 - 28 - 31 - 54","2","x2"
"2016-11-05","21 - 31 - 50 - 51 - 69","8","x3"
"2016-11-02","13 - 18 - 37 - 54 - 61","5","x2"
"2016-10-29","19 - 20 - 21 - 42 - 48","23","x3"
"2016-10-26","2 - 3 - 16 - 48 - 56","24","x2"
"2016-10-22","1 - 28 - 33 - 55 - 56","22","x2"
"2016-10-19","10 - 16 - 38 - 43 - 63","23","x2"
"2016-10-15","23 - 49 - 57 - 64 - 67","20","x2"
"2016-10-12","16 - 30 - 34 - 37 - 44","16","x2"
"2016-10-08","3 - 54 - 61 - 64 - 68","9","x2"
"2016-10-05","8 - 18 - 27 - 29 - 60","15","x2"
"2016-10-01","2 - 12 - 50 - 61 - 64","1","x2"
"2016-09-28","30 - 38 - 52 - 53 - 62","1","x3"
"2016-09-24","7 - 15 - 20 - 29 - 41","22","x2"
"2016-09-21","1 - 28 - 63 - 67 - 69","17","x4"
"2016-09-17","9 - 19 - 51 - 55 - 62","14","x4"
"2016-09-14","10 - 11 - 23 - 28 - 31","14","x2"
"2016-09-10","3 - 17 - 49 - 55 - 68","8","x2"
"2016-09-07","22 - 23 - 29 - 33 - 55","21","x2"
"2016-09-03","7 - 39 - 50 - 59 - 67","25","x3"
"2016-08-31","5 - 10 - 24 - 56 - 61","12","x2"
"2016-08-27","4 - 32 - 48 - 49 - 63","20","x2"
"2016-08-24","9 - 11 - 25 - 64 - 65","16","x3"
"2016-08-20","3 - 6 - 21 - 60 - 68","24","x2"
"2016-08-17","33 - 44 - 49 - 50 - 52","8","x3"
"2016-08-13","38 - 44 - 60 - 64 - 69","6","x2"
"2016-08-10","23 - 56 - 61 - 64 - 67","12","x5"
"2016-08-06","20 - 33 - 36 - 47 - 52","12","x3"
"2016-08-03","9 - 11 - 27 - 66 - 67","2","x3"
"2016-07-30","11 - 17 - 21 - 23 - 32","5","x2"
"2016-07-27","10 - 47 - 50 - 65 - 68","24","x2"
"2016-07-23","5 - 7 - 23 - 35 - 39","11","x2"
"2016-07-20","6 - 25 - 35 - 58 - 66","5","x2"
"2016-07-16","11 - 17 - 40 - 50 - 62","26","x2"
"2016-07-13","3 - 15 - 29 - 54 - 57","10","x3"
"2016-07-09","10 - 28 - 32 - 61 - 64","12","x3"
"2016-07-06","2 - 24 - 31 - 57 - 66","18","x3"
"2016-07-02","10 - 34 - 39 - 59 - 63","4","x2"
"2016-06-29","23 - 29 - 37 - 60 - 64","6","x2"
"2016-06-25","3 - 27 - 36 - 56 - 69","25","x2"
"2016-06-22","14 - 40 - 42 - 43 - 52","17","x3"
"2016-06-18","2 - 23 - 41 - 53 - 63","11","x2"
"2016-06-15","4 - 22 - 24 - 31 - 33","10","x2"
"2016-06-11","20 - 27 - 36 - 41 - 58","7","x2"
"2016-06-08","12 - 25 - 37 - 60 - 69","20","x3"
"2016-06-04","16 - 20 - 22 - 43 - 64","17","x2"
"2016-06-01","23 - 30 - 33 - 40 - 69","12","x5"
"2016-05-28","6 - 33 - 34 - 58 - 59","12","x2"
"2016-05-25","11 - 24 - 41 - 59 - 64","15","x3"
"2016-05-21","5 - 7 - 9 - 23 - 32","26","x4"
"2016-05-18","23 - 25 - 39 - 54 - 67","11","x3"
"2016-05-14","13 - 27 - 47 - 64 - 65","9","x3"
"2016-05-11","20 - 32 - 52 - 66 - 69","23","x3"
"2016-05-07","5 - 25 - 26 - 44 - 66","9","x2"
"2016-05-04","30 - 47 - 57 - 66 - 69","3","x3"
"2016-04-30","3 - 12 - 16 - 32 - 34","14","x3"
"2016-04-27","2 - 25 - 33 - 39 - 64","17","x2"
"2016-04-23","19 - 35 - 46 - 59 - 62","13","x5"
"2016-04-20","12 - 25 - 30 - 52 - 62","8","x3"
"2016-04-16","3 - 18 - 25 - 32 - 51","3","x2"
"2016-04-13","30 - 33 - 35 - 38 - 64","22","x3"
"2016-04-09","14 - 22 - 23 - 41 - 61","9","x3"
"2016-04-06","4 - 28 - 49 - 60 - 65","25","x2"
"2016-04-02","9 - 28 - 30 - 40 - 61","3","x2"
"2016-03-30","24 - 44 - 53 - 55 - 63","19","x2"
"2016-03-26","11 - 23 - 42 - 52 - 68","6","x3"
"2016-03-23","5 - 8 - 15 - 22 - 49","25","x3"
"2016-03-19","11 - 23 - 43 - 54 - 60","3","x3"
"2016-03-16","10 - 12 - 13 - 46 - 50","21","x3"
"2016-03-12","11 - 28 - 50 - 57 - 62","23","x2"
"2016-03-09","14 - 23 - 32 - 34 - 68","3","x3"
"2016-03-05","3 - 27 - 34 - 59 - 69","19","x2"
"2016-03-02","12 - 13 - 44 - 52 - 62","6","x2"
"2016-02-27","10 - 11 - 21 - 22 - 53","18","x3"
"2016-02-24","21 - 31 - 64 - 65 - 67","5","x3"
"2016-02-20","11 - 12 - 15 - 16 - 54","25","x5"
"2016-02-17","7 - 17 - 27 - 29 - 40","25","x2"
"2016-02-13","7 - 15 - 18 - 19 - 36","20","x2"
"2016-02-10","2 - 3 - 40 - 50 - 62","5","x2"
"2016-02-06","4 - 13 - 31 - 36 - 52","8","x3"
"2016-02-03","26 - 28 - 31 - 60 - 67","23","x3"
"2016-01-30","5 - 12 - 16 - 31 - 43","18","x4"
"2016-01-27","3 - 12 - 40 - 52 - 67","21","x2"
"2016-01-23","22 - 32 - 34 - 40 - 69","19","x4"
"2016-01-20","5 - 39 - 44 - 47 - 69","24","x5"
"2016-01-16","3 - 51 - 52 - 61 - 64","6","x2"
"2016-01-13","4 - 8 - 19 - 27 - 34","10","x2"
"2016-01-09","16 - 19 - 32 - 34 - 57","13","x3"
"2016-01-06","2 - 11 - 47 - 62 - 63","17","x3"
"2016-01-02","5 - 6 - 15 - 29 - 42","10","x2"
"2015-12-30","12 - 36 - 38 - 54 - 61","22","x3"
"2015-12-26","27 - 40 - 44 - 59 - 65","20","x2"
"2015-12-23","16 - 38 - 55 - 63 - 67","25","x4"
"2015-12-19","28 - 30 - 41 - 59 - 68","10","x2"
"2015-12-16","9 - 10 - 32 - 42 - 55","6","x2"
"2015-12-12","2 - 14 - 19 - 30 - 62","22","x2"
"2015-12-09","7 - 10 - 16 - 46 - 56","1","x2"
"2015-12-05","13 - 27 - 33 - 47 - 68","13","x2"
"2015-12-02","14 - 18 - 19 - 32 - 64","9","x2"
"2015-11-28","2 - 6 - 47 - 66 - 67","2","x3"
"2015-11-25","16 - 29 - 53 - 58 - 69","21","x2"
"2015-11-21","37 - 47 - 50 - 52 - 57","21","x3"
"2015-11-18","17 - 40 - 41 - 46 - 69","6","x2"
"2015-11-14","14 - 22 - 37 - 45 - 66","5","x3"
"2015-11-11","4 - 26 - 32 - 55 - 64","18","x3"
"2015-11-07","7 - 16 - 25 - 50 - 53","15","x2"
"2015-11-04","2 - 12 - 17 - 20 - 65","17","x4"
"2015-10-31","9 - 20 - 25 - 47 - 68","7","x2"
"2015-10-28","4 - 54 - 56 - 62 - 63","10","x2"
"2015-10-24","20 - 31 - 56 - 60 - 64","2","x3"
"2015-10-21","30 - 32 - 42 - 56 - 57","11","x4"
"2015-10-17","48 - 49 - 57 - 62 - 69","19","x3"
"2015-10-14","15 - 20 - 29 - 31 - 40","1","x2"
"2015-10-10","12 - 27 - 29 - 43 - 68","1","x2"
"2015-10-07","18 - 30 - 40 - 48 - 52","9","x3"
"2015-10-03","6 - 26 - 33 - 44 - 46","4","x2"
"2015-09-30","21 - 39 - 40 - 55 - 59","17","x3"
"2015-09-26","23 - 31 - 42 - 50 - 57","5","x3"
"2015-09-23","8 - 29 - 41 - 51 - 58","5","x2"
"2015-09-19","12 - 17 - 26 - 43 - 48","24","x2"
"2015-09-16","5 - 7 - 24 - 31 - 39","7","x3"
"2015-09-12","2 - 3 - 13 - 16 - 35","27","x3"
"2015-09-09","44 - 45 - 47 - 50 - 51","8","x2"
"2015-09-05","10 - 16 - 18 - 29 - 45","19","x2"
"2015-09-02","17 - 22 - 30 - 46 - 56","16","x3"
"2015-08-29","18 - 21 - 25 - 28 - 29","16","x2"
"2015-08-26","2 - 22 - 32 - 45 - 56","12","x5"
"2015-08-22","4 - 12 - 14 - 21 - 55","7","x4"
"2015-08-19","6 - 8 - 43 - 48 - 50","7","x2"
"2015-08-15","3 - 13 - 17 - 42 - 52","24","x4"
"2015-08-12","8 - 13 - 29 - 38 - 52","28","x2"
"2015-08-08","9 - 34 - 48 - 52 - 54","15","x4"
"2015-08-05","9 - 11 - 14 - 16 - 42","19","x2"
"2015-08-01","7 - 13 - 24 - 49 - 57","15","x3"
"2015-07-29","4 - 22 - 27 - 28 - 52","35","x3"
"2015-07-25","27 - 29 - 34 - 41 - 44","2","x3"
"2015-07-22","12 - 31 - 43 - 44 - 57","11","x2"
"2015-07-18","6 - 37 - 39 - 45 - 55","33","x3"
"2015-07-15","13 - 16 - 34 - 45 - 50","11","x2"
"2015-07-11","11 - 39 - 46 - 52 - 54","3","x2"
"2015-07-08","4 - 15 - 25 - 27 - 30","18","x3"
"2015-07-04","3 - 6 - 14 - 18 - 24","21","x3"
"2015-07-01","7 - 24 - 26 - 31 - 41","25","x2"
"2015-06-27","18 - 28 - 35 - 46 - 49","27","x5"
"2015-06-24","3 - 5 - 10 - 22 - 32","7","x4"
"2015-06-20","9 - 10 - 16 - 20 - 57","15","x2"
"2015-06-17","20 - 21 - 22 - 41 - 54","7","x3"
"2015-06-13","29 - 41 - 48 - 52 - 54","29","x2"
"2015-06-10","31 - 32 - 48 - 49 - 53","25","x2"
"2015-06-06","8 - 13 - 18 - 27 - 43","15","x4"
"2015-06-03","6 - 8 - 13 - 37 - 40","11","x2"
"2015-05-30","8 - 9 - 25 - 56 - 57","22","x2"
"2015-05-27","8 - 15 - 34 - 53 - 59","23","x2"
"2015-05-23","9 - 15 - 17 - 31 - 43","16","x4"
"2015-05-20","1 - 12 - 28 - 35 - 44","25","x3"
"2015-05-16","24 - 29 - 38 - 48 - 52","32","x2"
"2015-05-13","1 - 25 - 29 - 31 - 47","7","x3"
"2015-05-09","4 - 15 - 17 - 35 - 58","17","x3"
"2015-05-06","23 - 24 - 27 - 39 - 41","30","x5"
"2015-05-02","2 - 6 - 11 - 30 - 31","33","x3"
"2015-04-29","1 - 26 - 34 - 38 - 51","6","x3"
"2015-04-25","21 - 33 - 35 - 38 - 45","12","x2"
"2015-04-22","10 - 14 - 25 - 39 - 53","18","x2"
"2015-04-18","13 - 22 - 23 - 29 - 31","17","x3"
"2015-04-15","1 - 16 - 21 - 29 - 40","30","x3"
"2015-04-11","1 - 12 - 32 - 42 - 58","12","x2"
"2015-04-08","1 - 19 - 45 - 46 - 58","29","x2"
"2015-04-04","33 - 39 - 40 - 41 - 54","28","x3"
"2015-04-01","2 - 30 - 33 - 39 - 44","1","x3"
"2015-03-28","2 - 4 - 6 - 12 - 38","17","x3"
"2015-03-25","7 - 19 - 23 - 50 - 54","14","x2"
"2015-03-21","11 - 16 - 30 - 38 - 42","7","x4"
"2015-03-18","14 - 25 - 30 - 33 - 47","8","x2"
"2015-03-14","8 - 14 - 39 - 46 - 47","18","x2"
"2015-03-11","11 - 24 - 31 - 40 - 44","27","x2"
"2015-03-07","34 - 36 - 38 - 42 - 50","33","x4"
"2015-03-04","8 - 12 - 15 - 35 - 50","32","x2"
"2015-02-28","11 - 17 - 25 - 28 - 46","12","x2"
"2015-02-25","17 - 19 - 21 - 32 - 39","8","x3"
"2015-02-21","10 - 14 - 18 - 34 - 51","26","x2"
"2015-02-18","1 - 9 - 29 - 32 - 49","22","x2"
"2015-02-14","1 - 24 - 44 - 45 - 51","28","x2"
"2015-02-11","11 - 13 - 25 - 39 - 54","19","x3"
"2015-02-07","5 - 10 - 21 - 34 - 58","33","x5"
"2015-02-04","24 - 36 - 51 - 52 - 56","22","x2"
"2015-01-31","5 - 11 - 16 - 26 - 50","34","x2"
"2015-01-28","12 - 24 - 35 - 36 - 49","1","x5"
"2015-01-24","16 - 19 - 20 - 29 - 33","10","x2"
"2015-01-21","11 - 12 - 15 - 28 - 57","23","x4"
"2015-01-17","15 - 16 - 23 - 27 - 36","9","x2"
"2015-01-14","2 - 4 - 10 - 41 - 53","22","x5"
"2015-01-10","2 - 9 - 19 - 28 - 29","19","x5"
"2015-01-07","14 - 15 - 47 - 49 - 59","10","x2"
"2015-01-03","4 - 18 - 43 - 46 - 55","25","x3"
"2014-12-31","17 - 27 - 37 - 40 - 53","35","x2"
"2014-12-27","7 - 10 - 11 - 14 - 36","15","x2"
"2014-12-24","11 - 12 - 46 - 47 - 50","22","x4"
"2014-12-20","14 - 15 - 19 - 31 - 56","5","x5"
"2014-12-17","22 - 31 - 38 - 47 - 48","15","x3"
"2014-12-13","5 - 13 - 28 - 43 - 55","33","x3"
"2014-12-10","34 - 44 - 48 - 54 - 55","10","x2"
"2014-12-06","12 - 15 - 22 - 43 - 49","14","x2"
"2014-12-03","25 - 30 - 32 - 46 - 54","26","x3"
"2014-11-29","13 - 24 - 30 - 42 - 48","27","x2"
"2014-11-26","16 - 17 - 22 - 46 - 54","35","x5"
"2014-11-22","23 - 49 - 53 - 54 - 57","35","x2"
"2014-11-19","6 - 36 - 38 - 48 - 51","17","x2"
"2014-11-15","13 - 16 - 33 - 35 - 51","28","x2"
"2014-11-12","37 - 39 - 51 - 52 - 55","11","x3"
"2014-11-08","9 - 19 - 33 - 38 - 54","15","x3"
"2014-11-05","2 - 11 - 19 - 21 - 42","34","x3"
"2014-11-01","1 - 3 - 13 - 25 - 38","17","x2"
"2014-10-29","25 - 28 - 48 - 57 - 59","16","x3"
"2014-10-25","6 - 10 - 51 - 54 - 57","12","x2"
"2014-10-22","29 - 30 - 40 - 42 - 50","16","x2"
"2014-10-18","20 - 26 - 27 - 36 - 54","19","x2"
"2014-10-15","5 - 7 - 19 - 27 - 28","20","x2"
"2014-10-11","10 - 19 - 37 - 38 - 39","28","x2"
"2014-10-08","5 - 16 - 31 - 46 - 50","18","x3"
"2014-10-04","13 - 18 - 24 - 25 - 33","31","x2"
"2014-10-01","1 - 4 - 18 - 20 - 45","7","x2"
"2014-09-27","2 - 11 - 35 - 52 - 54","13","x3"
"2014-09-24","7 - 14 - 21 - 24 - 41","26","x4"
"2014-09-20","22 - 23 - 30 - 37 - 39","16","x4"
"2014-09-17","18 - 25 - 36 - 48 - 50","23","x2"
"2014-09-13","1 - 6 - 16 - 37 - 53","27","x3"
"2014-09-10","2 - 14 - 39 - 40 - 43","13","x5"
"2014-09-06","9 - 29 - 31 - 43 - 50","18","x2"
"2014-09-03","2 - 16 - 43 - 45 - 51","35","x3"
"2014-08-30","5 - 28 - 31 - 52 - 59","27","x2"
"2014-08-27","17 - 24 - 26 - 45 - 46","19","x3"
"2014-08-23","28 - 32 - 35 - 36 - 52","31","x3"
"2014-08-20","4 - 8 - 21 - 38 - 40","3","x2"
"2014-08-16","7 - 8 - 17 - 48 - 59","9","x2"
"2014-08-13","8 - 37 - 39 - 40 - 52","24","x2"
"2014-08-09","3 - 12 - 31 - 34 - 51","24","x2"
"2014-08-06","1 - 8 - 24 - 28 - 49","24","x5"
"2014-08-02","12 - 26 - 44 - 46 - 47","29","x2"
"2014-07-30","13 - 30 - 42 - 49 - 53","29","x3"
"2014-07-26","24 - 28 - 30 - 38 - 39","16","x2"
"2014-07-23","4 - 10 - 12 - 22 - 31","3","x5"
"2014-07-19","10 - 17 - 25 - 45 - 53","9","x2"
"2014-07-16","5 - 15 - 18 - 26 - 32","35","x3"
"2014-07-12","2 - 3 - 7 - 23 - 51","26","x2"
"2014-07-09","9 - 25 - 42 - 55 - 57","14","x2"
"2014-07-05","24 - 34 - 36 - 57 - 58","11","x4"
"2014-07-02","8 - 18 - 45 - 53 - 58","35","x2"
"2014-06-28","8 - 12 - 34 - 43 - 56","9","x2"
"2014-06-25","10 - 20 - 25 - 50 - 53","35","x4"
"2014-06-21","5 - 6 - 37 - 41 - 54","26","x3"
"2014-06-18","6 - 9 - 29 - 52 - 59","7","x3"
"2014-06-14","9 - 33 - 42 - 45 - 54","30","x3"
"2014-06-11","14 - 18 - 25 - 33 - 49","23","x5"
"2014-06-07","28 - 30 - 35 - 58 - 59","15","x2"
"2014-06-04","1 - 7 - 10 - 22 - 49","24","x3"
"2014-05-31","15 - 27 - 31 - 34 - 48","1","x2"
"2014-05-28","2 - 24 - 28 - 32 - 59","25","x3"
"2014-05-24","15 - 16 - 28 - 49 - 55","18","x2"
"2014-05-21","4 - 20 - 34 - 39 - 58","31","x5"
"2014-05-17","23 - 32 - 39 - 47 - 49","22","x3"
"2014-05-14","7 - 33 - 39 - 52 - 55","33","x3"
"2014-05-10","4 - 31 - 41 - 47 - 55","1","x2"
"2014-05-07","17 - 29 - 31 - 48 - 49","34","x2"
"2014-05-03","5 - 15 - 16 - 46 - 49","26","x4"
"2014-04-30","2 - 9 - 11 - 19 - 50","32","x3"
"2014-04-26","3 - 7 - 22 - 30 - 33","20","x3"
"2014-04-23","19 - 25 - 29 - 36 - 48","12","x4"
"2014-04-19","5 - 6 - 29 - 35 - 51","21","x5"
"2014-04-16","34 - 39 - 42 - 44 - 59","8","x3"
"2014-04-12","14 - 26 - 45 - 54 - 55","20","x2"
"2014-04-09","9 - 14 - 44 - 48 - 49","29","x2"
"2014-04-05","11 - 21 - 26 - 33 - 34","29","x5"
"2014-04-02","8 - 13 - 19 - 22 - 53","24","x2"
"2014-03-29","2 - 3 - 12 - 27 - 38","17","x2"
"2014-03-26","28 - 33 - 41 - 44 - 59","21","x2"
"2014-03-22","13 - 28 - 31 - 55 - 58","15","x2"
"2014-03-19","2 - 19 - 23 - 34 - 43","14","x2"
"2014-03-15","2 - 5 - 34 - 51 - 58","9","x4"
"2014-03-12","14 - 15 - 28 - 37 - 54","10","x2"
"2014-03-08","10 - 14 - 24 - 32 - 41","30","x2"
"2014-03-05","3 - 7 - 9 - 26 - 54","19","x2"
"2014-03-01","3 - 8 - 25 - 30 - 47","13","x4"
"2014-02-26","11 - 12 - 17 - 38 - 42","2","x2"
"2014-02-22","2 - 3 - 13 - 14 - 54","4","x5"
"2014-02-19","1 - 17 - 35 - 49 - 54","34","x3"
"2014-02-15","2 - 9 - 14 - 21 - 23","3","x3"
"2014-02-12","36 - 44 - 49 - 52 - 57","1","x2"
"2014-02-08","24 - 25 - 34 - 37 - 54","29","x2"
"2014-02-05","8 - 17 - 32 - 57 - 59","24","x3"
"2014-02-01","5 - 12 - 15 - 27 - 38","7","x2"
"2014-01-29","11 - 23 - 28 - 32 - 47","20","x2"
"2014-01-25","8 - 12 - 18 - 55 - 57","2","x2"
"2014-01-22","1 - 2 - 7 - 9 - 55","29","x3"
"2014-01-18","13 - 14 - 19 - 31 - 38","25",""
"2014-01-15","7 - 8 - 9 - 24 - 29","25",""
"2014-01-11","10 - 15 - 33 - 48 - 54","34",""
"2014-01-08","10 - 28 - 39 - 47 - 58","22",""
"2014-01-04","19 - 20 - 37 - 41 - 58","14",""
"2014-01-01","15 - 24 - 40 - 48 - 52","23",""
"2013-12-28","8 - 35 - 44 - 51 - 56","18",""
"2013-12-25","23 - 28 - 38 - 39 - 56","32",""
"2013-12-21","25 - 36 - 40 - 45 - 51","8",""
"2013-12-18","7 - 24 - 37 - 39 - 40","1",""
"2013-12-14","14 - 25 - 32 - 33 - 41","34",""
"2013-12-11","1 - 10 - 13 - 18 - 19","27",""
"2013-12-07","13 - 20 - 32 - 45 - 48","17",""
"2013-12-04","6 - 9 - 11 - 31 - 44","25",""
"2013-11-30","5 - 26 - 44 - 45 - 57","29",""
"2013-11-27","18 - 25 - 50 - 55 - 57","17",""
"2013-11-23","5 - 12 - 43 - 52 - 55","10",""
"2013-11-20","4 - 18 - 23 - 32 - 45","7",""
"2013-11-16","10 - 29 - 37 - 44 - 59","10",""
"2013-11-13","5 - 31 - 50 - 55 - 56","9",""
"2013-11-09","3 - 9 - 37 - 49 - 56","32",""
"2013-11-06","1 - 5 - 10 - 15 - 49","22",""
"2013-11-02","13 - 23 - 24 - 27 - 40","17",""
"2013-10-30","2 - 36 - 40 - 49 - 54","10",""
"2013-10-26","4 - 6 - 34 - 49 - 56","29",""
"2013-10-23","3 - 23 - 31 - 34 - 47","13",""
"2013-10-19","9 - 33 - 54 - 56 - 57","5",""
"2013-10-16","3 - 26 - 28 - 34 - 42","28",""
"2013-10-12","8 - 10 - 26 - 57 - 58","4",""
"2013-10-09","3 - 9 - 19 - 33 - 38","18",""
"2013-10-05","11 - 12 - 17 - 39 - 40","5",""
"2013-10-02","4 - 6 - 25 - 42 - 51","17",""
"2013-09-28","14 - 47 - 52 - 53 - 54","5",""
"2013-09-25","2 - 7 - 17 - 49 - 53","23",""
"2013-09-21","12 - 17 - 45 - 54 - 58","13",""
"2013-09-18","7 - 10 - 22 - 32 - 35","19",""
"2013-09-14","1 - 17 - 25 - 37 - 44","20",""
"2013-09-11","11 - 19 - 33 - 42 - 52","33",""
"2013-09-07","2 - 19 - 22 - 26 - 45","24",""
"2013-09-04","2 - 9 - 26 - 45 - 47","11",""
"2013-08-31","2 - 7 - 25 - 40 - 56","20",""
"2013-08-28","6 - 7 - 9 - 19 - 32","13",""
"2013-08-24","12 - 17 - 25 - 45 - 59","19",""
"2013-08-21","30 - 40 - 42 - 46 - 48","23",""
"2013-08-17","18 - 21 - 46 - 54 - 56","23",""
"2013-08-14","4 - 11 - 17 - 43 - 51","20",""
"2013-08-10","4 - 12 - 14 - 37 - 58","13",""
"2013-08-07","5 - 25 - 30 - 58 - 59","32",""
"2013-08-03","21 - 24 - 36 - 42 - 45","15",""
"2013-07-31","8 - 24 - 39 - 49 - 59","5",""
"2013-07-27","9 - 23 - 40 - 53 - 58","6",""
"2013-07-24","9 - 29 - 40 - 44 - 54","7",""
"2013-07-20","14 - 25 - 27 - 38 - 58","6",""
"2013-07-17","1 - 22 - 34 - 38 - 42","17",""
"2013-07-13","2 - 8 - 22 - 35 - 37","6",""
"2013-07-10","30 - 31 - 45 - 55 - 59","27",""
"2013-07-06","2 - 13 - 35 - 36 - 52","11",""
"2013-07-03","3 - 6 - 29 - 40 - 51","4",""
"2013-06-29","8 - 28 - 30 - 53 - 56","16",""
"2013-06-26","1 - 18 - 33 - 39 - 46","33",""
"2013-06-22","13 - 19 - 23 - 33 - 57","28",""
"2013-06-19","7 - 46 - 47 - 52 - 57","17",""
"2013-06-15","28 - 36 - 40 - 48 - 55","1",""
"2013-06-12","16 - 22 - 23 - 42 - 55","32",""
"2013-06-08","2 - 11 - 22 - 26 - 32","19",""
"2013-06-05","4 - 26 - 33 - 36 - 55","32",""
"2013-06-01","22 - 28 - 33 - 53 - 59","14",""
"2013-05-29","9 - 14 - 17 - 49 - 57","2",""
"2013-05-25","2 - 6 - 19 - 21 - 27","25",""
"2013-05-22","9 - 31 - 35 - 41 - 57","26",""
"2013-05-18","10 - 13 - 14 - 22 - 52","11",""
"2013-05-15","2 - 11 - 26 - 34 - 41","32",""
"2013-05-11","6 - 13 - 19 - 23 - 43","16",""
"2013-05-08","21 - 22 - 26 - 30 - 57","27",""
"2013-05-04","7 - 12 - 26 - 36 - 40","17",""
"2013-05-01","22 - 26 - 31 - 54 - 55","18",""
"2013-04-27","3 - 23 - 48 - 54 - 55","5",""
"2013-04-24","9 - 19 - 31 - 56 - 59","2",""
"2013-04-20","6 - 8 - 30 - 39 - 48","20",""
"2013-04-17","13 - 18 - 36 - 48 - 58","28",""
"2013-04-13","10 - 12 - 31 - 56 - 57","33",""
"2013-04-10","1 - 36 - 40 - 52 - 53","20",""
"2013-04-06","4 - 7 - 8 - 29 - 39","24",""
"2013-04-03","1 - 6 - 8 - 12 - 35","3",""
"2013-03-30","11 - 23 - 26 - 46 - 55","27",""
"2013-03-27","7 - 37 - 43 - 48 - 52","16",""
"2013-03-23","17 - 29 - 31 - 52 - 53","31",""
"2013-03-20","13 - 14 - 17 - 43 - 54","15",""
"2013-03-16","3 - 7 - 21 - 44 - 53","16",""
"2013-03-13","5 - 9 - 28 - 32 - 38","29",""
"2013-03-09","10 - 37 - 40 - 46 - 52","12",""
"2013-03-06","6 - 10 - 23 - 41 - 45","1",""
"2013-03-02","3 - 8 - 13 - 41 - 56","16",""
"2013-02-27","3 - 14 - 20 - 34 - 48","21",""
"2013-02-23","2 - 5 - 31 - 39 - 41","29",""
"2013-02-20","3 - 17 - 19 - 25 - 32","17",""
"2013-02-16","15 - 16 - 46 - 50 - 58","29",""
"2013-02-13","12 - 23 - 25 - 27 - 43","29",""
"2013-02-09","5 - 6 - 16 - 36 - 58","3",""
"2013-02-06","5 - 27 - 36 - 38 - 41","12",""
"2013-02-02","11 - 16 - 33 - 40 - 41","34",""
"2013-01-30","14 - 16 - 32 - 47 - 52","16",""
"2013-01-26","3 - 22 - 26 - 41 - 49","18",""
"2013-01-23","11 - 12 - 24 - 43 - 45","9",""
"2013-01-19","8 - 28 - 29 - 34 - 38","35",""
"2013-01-16","9 - 21 - 28 - 32 - 51","35",""
"2013-01-12","10 - 14 - 21 - 23 - 47","7",""
"2013-01-09","11 - 13 - 20 - 27 - 59","26",""
"2013-01-05","26 - 30 - 49 - 51 - 54","25",""
"2013-01-02","18 - 20 - 28 - 35 - 53","20",""
"2012-12-29","36 - 46 - 50 - 52 - 55","14",""
"2012-12-26","11 - 13 - 23 - 43 - 54","4",""
"2012-12-22","1 - 18 - 35 - 39 - 44","11",""
"2012-12-19","5 - 8 - 20 - 23 - 30","3",""
"2012-12-15","15 - 23 - 40 - 44 - 55","14",""
"2012-12-12","8 - 10 - 25 - 36 - 44","28",""
"2012-12-08","7 - 23 - 26 - 40 - 53","21",""
"2012-12-05","13 - 17 - 19 - 27 - 38","12",""
"2012-12-01","3 - 10 - 19 - 36 - 46","3",""
"2012-11-28","5 - 16 - 22 - 23 - 29","6",""
"2012-11-24","22 - 32 - 37 - 44 - 50","34",""
"2012-11-21","8 - 18 - 24 - 30 - 39","26",""
"2012-11-17","3 - 15 - 27 - 58 - 59","20",""
"2012-11-14","8 - 10 - 30 - 44 - 58","13",""
"2012-11-10","32 - 42 - 50 - 54 - 55","32",""
"2012-11-07","32 - 34 - 45 - 52 - 58","20",""
"2012-11-03","4 - 7 - 9 - 30 - 54","25",""
"2012-10-31","1 - 27 - 31 - 45 - 48","5",""
"2012-10-27","22 - 32 - 34 - 36 - 56","33",""
"2012-10-24","3 - 18 - 21 - 23 - 50","4",""
"2012-10-20","4 - 21 - 28 - 31 - 44","10",""
"2012-10-17","1 - 7 - 10 - 23 - 42","35",""
"2012-10-13","2 - 5 - 25 - 26 - 49","18",""
"2012-10-10","18 - 26 - 29 - 35 - 43","28",""
"2012-10-06","15 - 26 - 34 - 36 - 59","35",""
"2012-10-03","17 - 23 - 36 - 55 - 59","10",""
"2012-09-29","14 - 18 - 28 - 29 - 57","8",""
"2012-09-26","13 - 26 - 39 - 41 - 42","10",""
"2012-09-22","2 - 16 - 18 - 40 - 42","33",""
"2012-09-19","1 - 5 - 8 - 39 - 50","23",""
"2012-09-15","3 - 20 - 26 - 43 - 48","1",""
"2012-09-12","24 - 33 - 36 - 48 - 56","6",""
"2012-09-08","6 - 20 - 34 - 44 - 48","29",""
"2012-09-05","4 - 19 - 26 - 42 - 51","29",""
"2012-09-01","8 - 11 - 21 - 44 - 49","22",""
"2012-08-29","25 - 28 - 49 - 54 - 56","28",""
"2012-08-25","1 - 6 - 7 - 20 - 49","23",""
"2012-08-22","22 - 29 - 31 - 47 - 55","19",""
"2012-08-18","14 - 26 - 41 - 55 - 59","1",""
"2012-08-15","6 - 27 - 46 - 51 - 56","21",""
"2012-08-11","4 - 13 - 39 - 46 - 51","1",""
"2012-08-08","3 - 7 - 11 - 15 - 28","12",""
"2012-08-04","19 - 30 - 48 - 53 - 55","18",""
"2012-08-01","3 - 16 - 48 - 56 - 58","4",""
"2012-07-28","5 - 6 - 13 - 36 - 50","13",""
"2012-07-25","3 - 14 - 35 - 38 - 46","16",""
"2012-07-21","9 - 31 - 38 - 54 - 56","20",""
"2012-07-18","2 - 5 - 20 - 23 - 57","3",""
"2012-07-14","4 - 16 - 32 - 37 - 46","13",""
"2012-07-11","5 - 22 - 36 - 49 - 55","23",""
"2012-07-07","3 - 5 - 29 - 39 - 59","29",""
"2012-07-04","14 - 19 - 35 - 39 - 56","33",""
"2012-06-30","7 - 15 - 20 - 41 - 44","22",""
"2012-06-27","6 - 34 - 40 - 46 - 58","6",""
"2012-06-23","1 - 3 - 41 - 44 - 53","30",""
"2012-06-20","11 - 17 - 29 - 56 - 57","14",""
"2012-06-16","8 - 14 - 15 - 16 - 27","26",""
"2012-06-13","7 - 10 - 14 - 33 - 57","18",""
"2012-06-09","18 - 22 - 45 - 56 - 57","27",""
"2012-06-06","19 - 30 - 33 - 48 - 59","27",""
"2012-06-02","9 - 10 - 17 - 29 - 45","33",""
"2012-05-30","9 - 10 - 24 - 52 - 56","14",""
"2012-05-26","13 - 14 - 41 - 49 - 59","14",""
"2012-05-23","4 - 7 - 26 - 53 - 59","32",""
"2012-05-19","8 - 13 - 35 - 46 - 51","30",""
"2012-05-16","3 - 7 - 21 - 28 - 43","2",""
"2012-05-12","10 - 24 - 35 - 53 - 58","22",""
"2012-05-09","1 - 7 - 11 - 55 - 56","1",""
"2012-05-05","9 - 12 - 20 - 44 - 59","23",""
"2012-05-02","7 - 8 - 33 - 38 - 50","29",""
"2012-04-28","31 - 39 - 40 - 57 - 58","33",""
"2012-04-25","4 - 25 - 29 - 34 - 43","29",""
"2012-04-21","6 - 8 - 20 - 42 - 51","16",""
"2012-04-18","20 - 22 - 39 - 46 - 49","29",""
"2012-04-14","14 - 15 - 16 - 19 - 24","2",""
"2012-04-11","16 - 23 - 42 - 44 - 47","2",""
"2012-04-07","5 - 13 - 17 - 20 - 30","18",""
"2012-04-04","1 - 24 - 33 - 45 - 49","6",""
"2012-03-31","5 - 14 - 36 - 54 - 58","27",""
"2012-03-28","11 - 16 - 29 - 50 - 58","33",""
"2012-03-24","1 - 15 - 35 - 37 - 47","8",""
"2012-03-21","32 - 43 - 53 - 55 - 56","6",""
"2012-03-17","11 - 14 - 49 - 55 - 58","30",""
"2012-03-14","1 - 8 - 41 - 46 - 59","24",""
"2012-03-10","5 - 14 - 17 - 20 - 41","5",""
"2012-03-07","12 - 35 - 45 - 46 - 47","12",""
"2012-03-03","29 - 30 - 45 - 47 - 49","35",""
"2012-02-29","1 - 4 - 11 - 23 - 26","14",""
"2012-02-25","6 - 11 - 42 - 53 - 54","7",""
"2012-02-22","7 - 16 - 17 - 39 - 51","32",""
"2012-02-18","23 - 28 - 50 - 56 - 59","5",""
"2012-02-15","11 - 12 - 32 - 52 - 56","11",""
"2012-02-11","1 - 10 - 37 - 52 - 57","11",""
"2012-02-08","17 - 28 - 38 - 39 - 51","33",""
"2012-02-04","15 - 23 - 43 - 45 - 56","7",""
"2012-02-01","8 - 13 - 17 - 34 - 59","35",""
"2012-01-28","5 - 33 - 41 - 54 - 59","13",""
"2012-01-25","4 - 19 - 28 - 29 - 47","5",""
"2012-01-21","12 - 24 - 43 - 44 - 45","7",""
"2012-01-18","6 - 29 - 34 - 44 - 50","28",""
"2012-01-14","10 - 30 - 36 - 38 - 41","1","x5"
"2012-01-11","5 - 19 - 29 - 45 - 47","25","x2"
"2012-01-07","3 - 21 - 24 - 38 - 39","24","x5"
"2012-01-04","21 - 35 - 46 - 47 - 50","2","x4"
"2011-12-31","5 - 23 - 25 - 28 - 40","34","x4"
"2011-12-28","16 - 21 - 27 - 41 - 45","14","x2"
"2011-12-24","14 - 16 - 30 - 51 - 52","19","x2"
"2011-12-21","10 - 13 - 15 - 31 - 54","18","x5"
"2011-12-17","13 - 28 - 49 - 51 - 59","33","x4"
"2011-12-14","2 - 24 - 46 - 52 - 56","19","x5"
"2011-12-10","4 - 19 - 33 - 41 - 59","9","x5"
"2011-12-07","3 - 14 - 20 - 39 - 40","37","x2"
"2011-12-03","5 - 18 - 33 - 43 - 45","8","x3"
"2011-11-30","2 - 6 - 34 - 35 - 47","22","x2"
"2011-11-26","20 - 37 - 39 - 45 - 55","28","x2"
"2011-11-23","4 - 30 - 35 - 57 - 59","25","x2"
"2011-11-19","9 - 16 - 17 - 28 - 30","11","x3"
"2011-11-16","13 - 22 - 25 - 39 - 51","28","x2"
"2011-11-12","4 - 35 - 36 - 51 - 56","8","x5"
"2011-11-09","5 - 35 - 57 - 58 - 59","12","x3"
"2011-11-05","2 - 33 - 39 - 40 - 43","26","x3"
"2011-11-02","12 - 14 - 34 - 39 - 46","36","x4"
"2011-10-29","11 - 16 - 40 - 51 - 56","38","x5"
"2011-10-26","1 - 18 - 21 - 39 - 55","6","x3"
"2011-10-22","3 - 8 - 23 - 30 - 58","13","x4"
"2011-10-19","16 - 26 - 35 - 52 - 58","2","x5"
"2011-10-15","5 - 10 - 24 - 38 - 43","1","x4"
"2011-10-12","10 - 12 - 23 - 43 - 47","18","x3"
"2011-10-08","3 - 27 - 35 - 37 - 45","31","x5"
"2011-10-05","7 - 20 - 43 - 46 - 54","17","x4"
"2011-10-01","1 - 12 - 23 - 27 - 43","31","x3"
"2011-09-28","30 - 41 - 50 - 51 - 53","8","x2"
"2011-09-24","3 - 4 - 12 - 27 - 44","26","x5"
"2011-09-21","12 - 47 - 48 - 52 - 55","13","x4"
"2011-09-17","6 - 20 - 22 - 32 - 43","11","x2"
"2011-09-14","16 - 41 - 42 - 50 - 59","5","x3"
"2011-09-10","4 - 19 - 22 - 32 - 53","24","x4"
"2011-09-07","3 - 5 - 18 - 27 - 54","13","x4"
"2011-09-03","15 - 25 - 52 - 53 - 54","2","x5"
"2011-08-31","13 - 19 - 35 - 47 - 57","29","x5"
"2011-08-27","2 - 12 - 25 - 54 - 58","14","x3"
"2011-08-24","9 - 13 - 47 - 49 - 53","39","x5"
"2011-08-20","2 - 17 - 23 - 28 - 47","36","x2"
"2011-08-17","18 - 28 - 31 - 48 - 52","37","x4"
"2011-08-13","9 - 12 - 35 - 50 - 58","4","x2"
"2011-08-10","11 - 18 - 36 - 41 - 46","38","x4"
"2011-08-06","25 - 30 - 54 - 57 - 59","6","x3"
"2011-08-03","13 - 19 - 21 - 28 - 49","11","x2"
"2011-07-30","20 - 40 - 41 - 47 - 55","19","x2"
"2011-07-27","38 - 40 - 41 - 51 - 59","33","x2"
"2011-07-23","1 - 7 - 27 - 38 - 48","30","x3"
"2011-07-20","1 - 4 - 38 - 40 - 42","17","x4"
"2011-07-16","24 - 28 - 48 - 50 - 54","25","x3"
"2011-07-13","8 - 18 - 19 - 32 - 54","8","x4"
"2011-07-09","1 - 9 - 11 - 23 - 31","6","x3"
"2011-07-06","11 - 15 - 24 - 50 - 55","8","x2"
"2011-07-02","1 - 11 - 18 - 29 - 51","32","x3"
"2011-06-29","24 - 30 - 45 - 57 - 59","26","x3"
"2011-06-25","18 - 36 - 39 - 41 - 57","12","x4"
"2011-06-22","12 - 15 - 19 - 46 - 59","12","x4"
"2011-06-18","12 - 21 - 22 - 38 - 41","18","x2"
"2011-06-15","19 - 20 - 38 - 41 - 43","29","x4"
"2011-06-11","16 - 18 - 27 - 36 - 50","8","x3"
"2011-06-08","14 - 37 - 44 - 45 - 53","29","x5"
"2011-06-04","17 - 19 - 39 - 41 - 58","21","x5"
"2011-06-01","8 - 18 - 38 - 46 - 56","31","x4"
"2011-05-28","12 - 20 - 43 - 51 - 55","11","x4"
"2011-05-25","4 - 23 - 31 - 42 - 50","23","x2"
"2011-05-21","2 - 8 - 40 - 49 - 50","36","x3"
"2011-05-18","7 - 12 - 13 - 42 - 49","16","x4"
"2011-05-14","8 - 17 - 18 - 40 - 44","16","x2"
"2011-05-11","9 - 17 - 32 - 43 - 45","31","x3"
"2011-05-07","2 - 11 - 27 - 47 - 55","15","x4"
"2011-05-04","3 - 15 - 27 - 29 - 41","24","x4"
"2011-04-30","6 - 13 - 15 - 32 - 41","3","x2"
"2011-04-27","4 - 24 - 40 - 44 - 55","5","x2"
"2011-04-23","3 - 11 - 47 - 48 - 58","19","x3"
"2011-04-20","9 - 24 - 34 - 36 - 43","27","x3"
"2011-04-16","21 - 33 - 44 - 45 - 55","7","x5"
"2011-04-13","4 - 23 - 39 - 49 - 50","39","x3"
"2011-04-09","5 - 14 - 32 - 53 - 56","11","x4"
"2011-04-06","10 - 18 - 41 - 55 - 56","15","x2"
"2011-04-02","6 - 22 - 34 - 43 - 45","23","x2"
"2011-03-30","19 - 20 - 42 - 56 - 58","37","x4"
"2011-03-26","4 - 10 - 11 - 19 - 33","27","x4"
"2011-03-23","5 - 15 - 26 - 28 - 32","9","x2"
"2011-03-19","3 - 11 - 20 - 27 - 46","8","x2"
"2011-03-16","28 - 39 - 40 - 48 - 53","9","x3"
"2011-03-12","1 - 4 - 12 - 41 - 47","3","x4"
"2011-03-09","12 - 20 - 28 - 40 - 48","8","x2"
"2011-03-05","2 - 23 - 31 - 42 - 48","21","x2"
"2011-03-02","7 - 31 - 50 - 51 - 58","6","x2"
"2011-02-26","4 - 13 - 17 - 21 - 45","10","x5"
"2011-02-23","29 - 32 - 36 - 39 - 49","29","x3"
"2011-02-19","3 - 12 - 34 - 37 - 42","36","x5"
"2011-02-16","9 - 13 - 21 - 23 - 48","24","x2"
"2011-02-12","11 - 32 - 36 - 48 - 52","19","x4"
"2011-02-09","7 - 11 - 39 - 42 - 51","30","x4"
"2011-02-05","15 - 37 - 41 - 56 - 59","5","x5"
"2011-02-02","3 - 14 - 33 - 53 - 57","36","x4"
"2011-01-29","24 - 28 - 45 - 49 - 52","2","x4"
"2011-01-26","4 - 5 - 36 - 47 - 58","6","x3"
"2011-01-22","30 - 31 - 34 - 45 - 51","23","x2"
"2011-01-19","22 - 36 - 51 - 56 - 59","32","x3"
"2011-01-15","9 - 13 - 22 - 23 - 37","31","x3"
"2011-01-12","19 - 21 - 23 - 40 - 48","27","x4"
"2011-01-08","6 - 7 - 26 - 33 - 52","24","x2"
"2011-01-05","22 - 26 - 32 - 38 - 40","7","x5"
"2011-01-01","18 - 22 - 37 - 47 - 54","36","x2"
"2010-12-29","3 - 16 - 18 - 20 - 37","30","x2"
"2010-12-25","1 - 17 - 38 - 50 - 52","24","x2"
"2010-12-22","11 - 33 - 44 - 46 - 47","12","x2"
"2010-12-18","4 - 11 - 19 - 33 - 43","14","x4"
"2010-12-15","10 - 11 - 18 - 32 - 45","18","x5"
"2010-12-11","1 - 8 - 10 - 19 - 20","23","x2"
"2010-12-08","8 - 11 - 25 - 41 - 58","16","x4"
"2010-12-04","13 - 24 - 27 - 31 - 42","22","x5"
"2010-12-01","5 - 10 - 11 - 12 - 20","2","x3"
"2010-11-27","10 - 30 - 37 - 47 - 54","39","x5"
"2010-11-24","8 - 20 - 21 - 32 - 37","4","x3"
"2010-11-20","10 - 12 - 38 - 53 - 57","1","x5"
"2010-11-17","14 - 16 - 53 - 54 - 59","5","x3"
"2010-11-13","17 - 30 - 48 - 51 - 54","29","x5"
"2010-11-10","5 - 8 - 11 - 40 - 44","10","x4"
"2010-11-06","7 - 12 - 23 - 34 - 38","33","x4"
"2010-11-03","34 - 38 - 39 - 45 - 50","33","x2"
"2010-10-30","1 - 7 - 27 - 36 - 49","39","x5"
"2010-10-27","20 - 24 - 25 - 53 - 59","15","x5"
"2010-10-23","2 - 7 - 16 - 20 - 46","34","x4"
"2010-10-20","7 - 17 - 20 - 39 - 59","17","x3"
"2010-10-16","11 - 12 - 15 - 16 - 28","11","x2"
"2010-10-13","12 - 22 - 32 - 34 - 46","2","x4"
"2010-10-09","2 - 6 - 32 - 42 - 49","35","x3"
"2010-10-06","14 - 26 - 37 - 41 - 46","24","x5"
"2010-10-02","12 - 20 - 30 - 36 - 47","25","x4"
"2010-09-29","13 - 44 - 51 - 52 - 55","30","x4"
"2010-09-25","8 - 16 - 27 - 35 - 42","30","x2"
"2010-09-22","10 - 24 - 36 - 52 - 55","15","x5"
"2010-09-18","1 - 18 - 37 - 39 - 44","13","x4"
"2010-09-15","7 - 20 - 21 - 34 - 43","34","x5"
"2010-09-11","7 - 17 - 20 - 36 - 59","33","x4"
"2010-09-08","10 - 35 - 39 - 51 - 57","20","x5"
"2010-09-04","11 - 14 - 22 - 33 - 42","38","x2"
"2010-09-01","17 - 20 - 21 - 40 - 51","19","x3"
"2010-08-28","4 - 22 - 27 - 32 - 56","13","x4"
"2010-08-25","16 - 17 - 29 - 31 - 36","23","x3"
"2010-08-21","7 - 10 - 12 - 22 - 27","26","x2"
"2010-08-18","4 - 32 - 33 - 47 - 55","39","x3"
"2010-08-14","9 - 33 - 36 - 50 - 58","31","x2"
"2010-08-11","7 - 10 - 22 - 23 - 52","29","x2"
"2010-08-07","4 - 22 - 26 - 31 - 52","30","x5"
"2010-08-04","19 - 28 - 30 - 37 - 53","36","x4"
"2010-07-31","1 - 16 - 17 - 41 - 57","15","x3"
"2010-07-28","1 - 11 - 20 - 25 - 27","2","x5"
"2010-07-24","20 - 30 - 38 - 46 - 59","27","x2"
"2010-07-21","16 - 22 - 30 - 51 - 58","25","x3"
"2010-07-17","22 - 27 - 35 - 37 - 45","3","x4"
"2010-07-14","20 - 21 - 23 - 38 - 42","6","x3"
"2010-07-10","20 - 21 - 27 - 28 - 56","4","x4"
"2010-07-07","10 - 41 - 44 - 48 - 56","4","x2"
"2010-07-03","3 - 10 - 14 - 52 - 53","3","x3"
"2010-06-30","6 - 38 - 43 - 47 - 48","27","x5"
"2010-06-26","13 - 30 - 32 - 38 - 57","25","x4"
"2010-06-23","11 - 30 - 45 - 47 - 48","10","x3"
"2010-06-19","9 - 30 - 31 - 50 - 54","39","x3"
"2010-06-16","8 - 11 - 18 - 29 - 36","6","x5"
"2010-06-12","9 - 12 - 13 - 35 - 38","30","x10"
"2010-06-09","14 - 22 - 27 - 32 - 49","5","x4"
"2010-06-05","18 - 34 - 40 - 48 - 59","25","x4"
"2010-06-02","4 - 9 - 14 - 39 - 43","38","x4"
"2010-05-29","1 - 3 - 24 - 28 - 41","10","x4"
"2010-05-26","1 - 6 - 10 - 13 - 20","32","x4"
"2010-03-13","6 - 16 - 20 - 31 - 36","8","x5"
"2010-03-06","10 - 29 - 33 - 41 - 59","15","x2"
"2010-03-03","7 - 9 - 14 - 45 - 49","23","x4"
"2010-02-27","18 - 47 - 51 - 53 - 58","30","x2"
"2010-02-24","4 - 17 - 35 - 50 - 57","12","x2"
"2010-02-20","13 - 27 - 37 - 41 - 54","32","x2"
"2010-02-17","7 - 8 - 19 - 26 - 36","15","x3"
"2010-02-13","10 - 14 - 30 - 40 - 51","1","x4"
"2010-02-10","5 - 8 - 29 - 37 - 38","34","x5"
"2010-02-06","14 - 22 - 52 - 54 - 59","4","x3"
"2010-02-03","17 - 22 - 36 - 37 - 52","24","x2"
"2010-01-30","6 - 26 - 35 - 47 - 48","21","x3"
"2010-01-27","6 - 15 - 20 - 26 - 31","9","x5"
"2010-01-23","15 - 16 - 20 - 42 - 53","17","x2"
"2010-01-20","15 - 32 - 43 - 44 - 46","19","x4"
"2010-01-16","7 - 8 - 23 - 41 - 55","23","x5"
"2010-01-13","8 - 11 - 15 - 32 - 50","27","x3"
"2010-01-09","20 - 41 - 44 - 50 - 54","22","x2"
"2010-01-06","20 - 27 - 29 - 56 - 58","31","x2"
"2010-01-02","3 - 7 - 23 - 27 - 42","37","x3"
"2009-12-30","5 - 14 - 38 - 39 - 52","6","x3"
"2009-12-26","32 - 36 - 37 - 41 - 53","30","x3"
"2009-12-23","8 - 32 - 49 - 51 - 52","23","x4"
"2009-12-19","17 - 24 - 39 - 41 - 47","21","x3"
"2009-12-16","13 - 23 - 25 - 35 - 43","15","x5"
"2009-12-12","12 - 13 - 14 - 35 - 41","29","x2"
"2009-12-09","1 - 5 - 12 - 13 - 58","21","x5"
"2009-12-05","27 - 39 - 41 - 44 - 58","17","x3"
"2009-12-02","14 - 34 - 37 - 46 - 55","37","x4"
"2009-11-28","26 - 27 - 28 - 46 - 50","21","x3"
"2009-11-25","4 - 13 - 18 - 49 - 59","5","x2"
"2009-11-21","7 - 26 - 36 - 49 - 58","4","x5"
"2009-11-18","32 - 42 - 50 - 58 - 59","31","x4"
"2009-11-14","19 - 30 - 32 - 48 - 57","14","x5"
"2009-11-11","8 - 12 - 14 - 22 - 29","22","x2"
"2009-11-07","7 - 32 - 37 - 46 - 50","26","x5"
"2009-11-04","10 - 11 - 14 - 45 - 51","17","x3"
"2009-10-31","2 - 19 - 26 - 41 - 54","23","x5"
"2009-10-28","3 - 11 - 26 - 46 - 51","23","x5"
"2009-10-24","14 - 22 - 38 - 49 - 59","16","x2"
"2009-10-21","6 - 16 - 34 - 45 - 51","4","x2"
"2009-10-17","5 - 16 - 25 - 30 - 49","39","x5"
"2009-10-14","5 - 15 - 25 - 30 - 40","6","x2"
"2009-10-10","13 - 32 - 45 - 49 - 50","30","x3"
"2009-10-07","2 - 20 - 21 - 38 - 50","22","x3"
"2009-10-03","12 - 24 - 48 - 50 - 57","22","x3"
"2009-09-30","41 - 42 - 52 - 54 - 57","30","x3"
"2009-09-26","18 - 20 - 34 - 36 - 39","19","x3"
"2009-09-23","7 - 8 - 20 - 25 - 29","11","x5"
"2009-09-19","5 - 24 - 25 - 30 - 49","23","x3"
"2009-09-16","17 - 37 - 40 - 51 - 56","25","x2"
"2009-09-12","13 - 28 - 38 - 41 - 56","25","x2"
"2009-09-09","4 - 16 - 18 - 51 - 53","23","x4"
"2009-09-05","9 - 16 - 27 - 35 - 57","29","x3"
"2009-09-02","18 - 23 - 36 - 47 - 59","36","x4"
"2009-08-29","1 - 20 - 37 - 52 - 53","33","x3"
"2009-08-26","1 - 21 - 23 - 30 - 43","11","x3"
"2009-08-22","3 - 6 - 20 - 32 - 51","23","x5"
"2009-08-19","14 - 24 - 31 - 43 - 51","27","x5"
"2009-08-15","14 - 15 - 26 - 32 - 36","12","x5"
"2009-08-12","10 - 25 - 32 - 34 - 47","5","x3"
"2009-08-08","4 - 33 - 37 - 45 - 50","11","x4"
"2009-08-05","25 - 34 - 41 - 46 - 49","29","x3"
"2009-08-01","5 - 37 - 39 - 46 - 53","8","x4"
"2009-07-29","2 - 5 - 38 - 43 - 59","8","x2"
"2009-07-25","5 - 17 - 33 - 46 - 52","9","x5"
"2009-07-22","4 - 6 - 16 - 22 - 32","11","x2"
"2009-07-18","4 - 21 - 26 - 28 - 47","37","x4"
"2009-07-15","26 - 50 - 51 - 52 - 57","37","x5"
"2009-07-11","1 - 4 - 20 - 39 - 42","2","x5"
"2009-07-08","19 - 42 - 50 - 53 - 56","39","x2"
"2009-07-04","4 - 9 - 22 - 41 - 44","14","x3"
"2009-07-01","9 - 32 - 38 - 52 - 53","15","x2"
"2009-06-27","18 - 22 - 26 - 39 - 48","17","x4"
"2009-06-24","16 - 18 - 24 - 51 - 53","16","x5"
"2009-06-20","3 - 11 - 18 - 22 - 28","33","x2"
"2009-06-17","5 - 9 - 37 - 42 - 53","27","x5"
"2009-06-13","13 - 16 - 20 - 35 - 41","6","x4"
"2009-06-10","15 - 26 - 27 - 42 - 58","37","x2"
"2009-06-06","10 - 18 - 23 - 30 - 45","2","x3"
"2009-06-03","16 - 20 - 22 - 32 - 37","9","x2"
"2009-05-30","1 - 23 - 42 - 51 - 59","20","x5"
"2009-05-27","5 - 6 - 12 - 16 - 21","7","x3"
"2009-05-23","19 - 23 - 34 - 52 - 57","21","x5"
"2009-05-20","23 - 30 - 31 - 35 - 42","6","x2"
"2009-05-16","6 - 7 - 31 - 40 - 56","38","x2"
"2009-05-13","19 - 30 - 32 - 37 - 40","37","x3"
"2009-05-09","4 - 15 - 32 - 49 - 58","21","x3"
"2009-05-06","7 - 8 - 12 - 22 - 31","18","x5"
"2009-05-02","3 - 20 - 38 - 42 - 45","27","x3"
"2009-04-29","6 - 19 - 36 - 50 - 59","13","x5"
"2009-04-25","8 - 26 - 30 - 42 - 52","15","x5"
"2009-04-22","15 - 22 - 30 - 37 - 48","12","x2"
"2009-04-18","7 - 15 - 28 - 43 - 44","20","x3"
"2009-04-15","16 - 22 - 26 - 27 - 59","5","x2"
"2009-04-11","7 - 28 - 35 - 46 - 49","20","x4"
"2009-04-08","1 - 6 - 48 - 52 - 56","9","x5"
"2009-04-04","14 - 21 - 50 - 57 - 58","7","x3"
"2009-04-01","2 - 9 - 33 - 41 - 54","14","x3"
"2009-03-28","2 - 3 - 16 - 41 - 48","19","x3"
"2009-03-25","10 - 20 - 23 - 47 - 54","26","x2"
"2009-03-21","19 - 23 - 27 - 49 - 52","21","x4"
"2009-03-18","16 - 26 - 29 - 41 - 45","1","x2"
"2009-03-14","7 - 30 - 33 - 44 - 51","10","x2"
"2009-03-11","3 - 7 - 13 - 34 - 47","30","x5"
"2009-03-07","21 - 27 - 28 - 56 - 59","21","x2"
"2009-03-04","1 - 6 - 44 - 49 - 55","36","x2"
"2009-02-28","3 - 16 - 20 - 42 - 58","7","x5"
"2009-02-25","17 - 32 - 42 - 49 - 56","11","x4"
"2009-02-21","13 - 31 - 41 - 45 - 46","21","x4"
"2009-02-18","2 - 15 - 39 - 44 - 56","15","x3"
"2009-02-14","2 - 8 - 9 - 33 - 45","5","x5"
"2009-02-11","5 - 10 - 22 - 45 - 49","37","x2"
"2009-02-07","5 - 18 - 20 - 28 - 53","27","x2"
"2009-02-04","7 - 24 - 30 - 32 - 44","18","x4"
"2009-01-31","1 - 14 - 26 - 33 - 41","37","x4"
"2009-01-28","5 - 10 - 18 - 23 - 32","4","x4"
"2009-01-24","6 - 20 - 25 - 37 - 42","25","x2"
"2009-01-21","20 - 26 - 38 - 46 - 54","23","x4"
"2009-01-17","2 - 5 - 9 - 23 - 59","26","x2"
"2009-01-14","8 - 25 - 34 - 39 - 46","34","x5"
"2009-01-10","8 - 10 - 18 - 43 - 56","9","x3"
"2009-01-07","23 - 31 - 33 - 38 - 52","24","x5"
"2009-01-03","17 - 22 - 24 - 38 - 55","24","x3"
"2008-12-31","7 - 8 - 11 - 17 - 53","36","x5"
"2008-12-27","12 - 15 - 26 - 31 - 43","10","x5"
"2008-12-24","2 - 17 - 22 - 32 - 41","8","x5"
"2008-12-20","3 - 14 - 19 - 32 - 54","24","x5"
"2008-12-17","7 - 11 - 18 - 24 - 30","26","x4"
"2008-12-13","14 - 26 - 28 - 31 - 40","13","x2"
"2008-12-10","6 - 15 - 24 - 37 - 41","37","x4"
"2008-12-06","9 - 35 - 39 - 43 - 53","10","x5"
"2008-12-03","16 - 17 - 21 - 25 - 55","3","x5"
"2008-11-29","5 - 33 - 36 - 39 - 55","21","x4"
"2008-11-26","11 - 26 - 31 - 34 - 52","14","x2"
"2008-11-22","17 - 19 - 26 - 32 - 45","14","x4"
"2008-11-19","8 - 13 - 38 - 39 - 45","31","x4"
"2008-11-15","3 - 7 - 8 - 12 - 44","37","x2"
"2008-11-12","1 - 18 - 25 - 29 - 45","2","x2"
"2008-11-08","2 - 4 - 21 - 36 - 40","41","x2"
"2008-11-05","4 - 8 - 18 - 33 - 36","32","x2"
"2008-11-01","4 - 6 - 26 - 40 - 41","15","x4"
"2008-10-29","20 - 30 - 37 - 50 - 52","33","x2"
"2008-10-25","1 - 3 - 14 - 38 - 48","2","x2"
"2008-10-22","10 - 17 - 33 - 51 - 52","5","x3"
"2008-10-18","10 - 14 - 32 - 40 - 49","15","x4"
"2008-10-15","3 - 13 - 32 - 38 - 48","13","x4"
"2008-10-11","3 - 7 - 17 - 39 - 47","9","x4"
"2008-10-08","2 - 12 - 17 - 48 - 54","2","x4"
"2008-10-04","1 - 4 - 26 - 32 - 39","18","x5"
"2008-10-01","8 - 9 - 39 - 43 - 55","26","x2"
"2008-09-27","13 - 24 - 29 - 40 - 52","29","x4"
"2008-09-24","5 - 13 - 21 - 32 - 36","33","x5"
"2008-09-20","6 - 28 - 30 - 40 - 47","24","x5"
"2008-09-17","12 - 23 - 26 - 32 - 44","20","x3"
"2008-09-13","7 - 17 - 29 - 43 - 51","38","x2"
"2008-09-10","14 - 15 - 28 - 37 - 53","18","x2"
"2008-09-06","17 - 25 - 26 - 49 - 54","11","x4"
"2008-09-03","38 - 40 - 46 - 49 - 50","34","x2"
"2008-08-30","2 - 14 - 15 - 32 - 47","36","x3"
"2008-08-27","13 - 31 - 36 - 48 - 49","11","x2"
"2008-08-23","18 - 24 - 33 - 47 - 48","23","x3"
"2008-08-20","15 - 16 - 24 - 35 - 47","26","x2"
"2008-08-16","5 - 34 - 40 - 43 - 52","20","x5"
"2008-08-13","5 - 10 - 19 - 23 - 31","26","x4"
"2008-08-09","32 - 40 - 43 - 49 - 53","21","x5"
"2008-08-06","5 - 24 - 36 - 37 - 51","19","x4"
"2008-08-02","2 - 5 - 28 - 33 - 54","30","x5"
"2008-07-30","3 - 25 - 45 - 51 - 55","13","x3"
"2008-07-26","12 - 13 - 21 - 51 - 55","18","x4"
"2008-07-23","11 - 14 - 35 - 41 - 52","2","x4"
"2008-07-19","6 - 28 - 46 - 53 - 55","2","x3"
"2008-07-16","3 - 15 - 23 - 29 - 42","17","x4"
"2008-07-12","2 - 12 - 20 - 22 - 50","17","x2"
"2008-07-09","5 - 7 - 31 - 49 - 53","14","x4"
"2008-07-05","1 - 24 - 34 - 47 - 48","18","x5"
"2008-07-02","4 - 33 - 46 - 48 - 52","17","x5"
"2008-06-28","14 - 26 - 32 - 34 - 44","6","x3"
"2008-06-25","14 - 21 - 25 - 45 - 53","9","x2"
"2008-06-21","7 - 8 - 9 - 31 - 50","31","x2"
"2008-06-18","9 - 12 - 31 - 39 - 52","32","x4"
"2008-06-14","9 - 11 - 20 - 31 - 50","14","x4"
"2008-06-11","7 - 18 - 21 - 28 - 49","1","x5"
"2008-06-07","12 - 26 - 34 - 44 - 48","9","x2"
"2008-06-04","5 - 18 - 20 - 40 - 52","3","x3"
"2008-05-31","3 - 9 - 14 - 17 - 25","8","x4"
"2008-05-28","10 - 18 - 22 - 37 - 45","9","x2"
"2008-05-24","33 - 40 - 41 - 51 - 52","6","x2"
"2008-05-21","7 - 16 - 21 - 33 - 42","25","x4"
"2008-05-17","12 - 14 - 15 - 21 - 43","30","x3"
"2008-05-14","19 - 21 - 29 - 32 - 46","32","x2"
"2008-05-10","7 - 18 - 30 - 41 - 45","6","x2"
"2008-05-07","9 - 25 - 26 - 28 - 42","26","x2"
"2008-05-03","2 - 28 - 36 - 42 - 46","40","x3"
"2008-04-30","1 - 17 - 25 - 43 - 51","38","x3"
"2008-04-26","7 - 12 - 17 - 27 - 45","24","x5"
"2008-04-23","11 - 20 - 21 - 22 - 39","1","x10"
"2008-04-19","13 - 19 - 24 - 33 - 39","8","x3"
"2008-04-16","11 - 16 - 18 - 21 - 51","16","x10"
"2008-04-12","11 - 29 - 48 - 52 - 55","36","x4"
"2008-04-09","3 - 13 - 19 - 32 - 46","18","x4"
"2008-04-05","12 - 27 - 30 - 37 - 47","26","x5"
"2008-04-02","1 - 34 - 37 - 44 - 55","33","x4"
"2008-03-29","18 - 20 - 25 - 31 - 36","7","x5"
"2008-03-26","9 - 12 - 20 - 37 - 49","17","x2"
"2008-03-22","7 - 25 - 28 - 46 - 48","19","x3"
"2008-03-19","6 - 8 - 29 - 41 - 49","42","x4"
"2008-03-15","6 - 22 - 42 - 43 - 47","16","x2"
"2008-03-12","12 - 19 - 30 - 34 - 36","8","x4"
"2008-03-08","17 - 29 - 31 - 34 - 49","16","x2"
"2008-03-05","10 - 15 - 16 - 23 - 31","5","x3"
"2008-03-01","2 - 19 - 21 - 31 - 55","19","x4"
"2008-02-27","20 - 24 - 37 - 48 - 53","11","x5"
"2008-02-23","8 - 13 - 23 - 29 - 47","32","x3"
"2008-02-20","9 - 12 - 20 - 22 - 36","31","x3"
"2008-02-16","3 - 4 - 8 - 20 - 49","18","x3"
"2008-02-13","13 - 19 - 32 - 38 - 51","30","x3"
"2008-02-09","4 - 23 - 24 - 30 - 43","28","x5"
"2008-02-06","3 - 5 - 12 - 42 - 43","5","x5"
"2008-02-02","14 - 16 - 25 - 26 - 44","30","x3"
"2008-01-30","2 - 17 - 41 - 54 - 55","17","x2"
"2008-01-26","11 - 35 - 39 - 53 - 54","24","x2"
"2008-01-23","4 - 16 - 35 - 47 - 48","39","x3"
"2008-01-19","20 - 23 - 25 - 27 - 28","2","x5"
"2008-01-16","9 - 18 - 19 - 38 - 47","11","x5"
"2008-01-12","23 - 39 - 43 - 47 - 53","14","x3"
"2008-01-09","2 - 13 - 20 - 21 - 23","24","x3"
"2008-01-05","4 - 11 - 16 - 33 - 40","9","x4"
"2008-01-02","2 - 11 - 31 - 34 - 48","5","x4"
"2007-12-29","8 - 12 - 17 - 35 - 49","18","x4"
"2007-12-26","8 - 32 - 41 - 54 - 55","20","x3"
"2007-12-22","5 - 10 - 11 - 34 - 38","21","x4"
"2007-12-19","15 - 18 - 22 - 23 - 42","37","x3"
"2007-12-15","22 - 37 - 47 - 48 - 50","17","x3"
"2007-12-12","7 - 14 - 33 - 40 - 55","15","x5"
"2007-12-08","4 - 8 - 25 - 29 - 31","41","x3"
"2007-12-05","1 - 8 - 15 - 21 - 55","41","x3"
"2007-12-01","7 - 32 - 39 - 41 - 55","13","x2"
"2007-11-28","8 - 23 - 32 - 37 - 39","38","x3"
"2007-11-24","1 - 7 - 13 - 23 - 35","19","x5"
"2007-11-21","3 - 11 - 13 - 20 - 40","20","x2"
"2007-11-17","17 - 27 - 49 - 52 - 53","23","x3"
"2007-11-14","16 - 18 - 20 - 30 - 48","6","x2"
"2007-11-10","6 - 22 - 24 - 26 - 30","12","x4"
"2007-11-07","22 - 29 - 35 - 46 - 52","2","x5"
"2007-11-03","1 - 31 - 38 - 40 - 53","42","x2"
"2007-10-31","6 - 16 - 18 - 29 - 37","24","x2"
"2007-10-27","13 - 25 - 30 - 40 - 43","12","x4"
"2007-10-24","10 - 11 - 18 - 49 - 52","2","x4"
"2007-10-20","10 - 11 - 37 - 40 - 54","10","x3"
"2007-10-17","14 - 15 - 19 - 42 - 46","37","x4"
"2007-10-13","21 - 30 - 34 - 36 - 49","42","x3"
"2007-10-10","12 - 16 - 31 - 33 - 54","5","x4"
"2007-10-06","8 - 30 - 32 - 33 - 51","2","x3"
"2007-10-03","2 - 4 - 14 - 15 - 28","23","x4"
"2007-09-29","31 - 33 - 38 - 49 - 55","39","x3"
"2007-09-26","25 - 27 - 31 - 44 - 54","8","x2"
"2007-09-22","4 - 9 - 18 - 43 - 55","3","x3"
"2007-09-19","20 - 25 - 26 - 45 - 46","15","x3"
"2007-09-15","13 - 16 - 27 - 48 - 51","21","x5"
"2007-09-12","5 - 24 - 26 - 33 - 47","1","x4"
"2007-09-08","7 - 12 - 28 - 30 - 48","40","x2"
"2007-09-05","11 - 20 - 21 - 30 - 48","18","x2"
"2007-09-01","12 - 19 - 23 - 37 - 39","13","x4"
"2007-08-29","13 - 16 - 33 - 44 - 47","29","x3"
"2007-08-25","2 - 8 - 23 - 29 - 35","19","x3"
"2007-08-22","12 - 37 - 40 - 48 - 50","37","x4"
"2007-08-18","12 - 15 - 28 - 31 - 50","12","x5"
"2007-08-15","19 - 22 - 24 - 38 - 51","9","x2"
"2007-08-11","1 - 10 - 11 - 37 - 40","20","x4"
"2007-08-08","9 - 16 - 21 - 30 - 52","9","x2"
"2007-08-04","2 - 23 - 24 - 27 - 36","3","x2"
"2007-08-01","9 - 16 - 23 - 51 - 52","12","x5"
"2007-07-28","15 - 19 - 24 - 27 - 47","11","x5"
"2007-07-25","28 - 35 - 40 - 47 - 53","30","x5"
"2007-07-21","14 - 30 - 39 - 43 - 46","14","x4"
"2007-07-18","3 - 9 - 14 - 40 - 42","3","x4"
"2007-07-14","1 - 21 - 30 - 34 - 36","37","x5"
"2007-07-11","8 - 20 - 29 - 42 - 43","35","x5"
"2007-07-07","15 - 21 - 27 - 41 - 47","20","x3"
"2007-07-04","1 - 2 - 15 - 17 - 49","35","x5"
"2007-06-30","24 - 38 - 39 - 46 - 47","26","x3"
"2007-06-27","9 - 11 - 13 - 24 - 43","18","x4"
"2007-06-23","14 - 15 - 27 - 43 - 53","28","x4"
"2007-06-20","23 - 31 - 32 - 37 - 55","35","x3"
"2007-06-16","4 - 8 - 32 - 47 - 51","27","x5"
"2007-06-13","10 - 13 - 28 - 30 - 47","26","x3"
"2007-06-09","7 - 10 - 25 - 32 - 41","22","x2"
"2007-06-06","5 - 9 - 14 - 45 - 48","28","x4"
"2007-06-02","2 - 22 - 32 - 36 - 47","36","x5"
"2007-05-30","7 - 23 - 35 - 54 - 55","28","x2"
"2007-05-26","1 - 5 - 21 - 46 - 51","29","x4"
"2007-05-23","3 - 11 - 24 - 36 - 38","6","x4"
"2007-05-19","3 - 19 - 21 - 26 - 45","2","x2"
"2007-05-16","6 - 7 - 16 - 34 - 42","23","x2"
"2007-05-12","30 - 44 - 46 - 51 - 53","25","x3"
"2007-05-09","2 - 13 - 30 - 44 - 52","40","x4"
"2007-05-05","13 - 21 - 29 - 40 - 50","6","x2"
"2007-05-02","1 - 8 - 35 - 40 - 47","9","x3"
"2007-04-28","16 - 22 - 43 - 46 - 49","10","x4"
"2007-04-25","12 - 13 - 14 - 17 - 53","11","x4"
"2007-04-21","22 - 26 - 28 - 33 - 45","17","x4"
"2007-04-18","6 - 10 - 12 - 13 - 24","19","x3"
"2007-04-14","12 - 21 - 36 - 38 - 49","18","x10"
"2007-04-11","6 - 15 - 38 - 42 - 51","18","x2"
"2007-04-07","2 - 28 - 31 - 54 - 55","23","x4"
"2007-04-04","19 - 30 - 39 - 40 - 53","16","x5"
"2007-03-31","2 - 5 - 16 - 36 - 40","36","x2"
"2007-03-28","6 - 20 - 35 - 37 - 47","1","x2"
"2007-03-24","10 - 38 - 40 - 48 - 53","3","x5"
"2007-03-21","16 - 24 - 38 - 53 - 54","5","x5"
"2007-03-17","7 - 17 - 44 - 47 - 54","3","x3"
"2007-03-14","4 - 27 - 30 - 39 - 44","18","x2"
"2007-03-10","14 - 18 - 34 - 42 - 43","32","x5"
"2007-03-07","13 - 16 - 18 - 19 - 46","36","x5"
"2007-03-03","1 - 5 - 16 - 22 - 48","6","x3"
"2007-02-28","13 - 20 - 41 - 42 - 53","2","x3"
"2007-02-24","36 - 38 - 42 - 54 - 55","24","x3"
"2007-02-21","2 - 8 - 22 - 29 - 37","3","x3"
"2007-02-17","1 - 15 - 35 - 37 - 45","32","x3"
"2007-02-14","3 - 26 - 30 - 54 - 55","15","x3"
"2007-02-10","2 - 11 - 16 - 41 - 42","16","x3"
"2007-02-07","4 - 22 - 28 - 37 - 52","10","x3"
"2007-02-03","12 - 13 - 20 - 33 - 42","37","x5"
"2007-01-31","2 - 15 - 25 - 42 - 48","14","x4"
"2007-01-27","10 - 19 - 26 - 27 - 32","14","x5"
"2007-01-24","9 - 19 - 29 - 42 - 53","17","x3"
"2007-01-20","1 - 5 - 26 - 32 - 38","30","x5"
"2007-01-17","16 - 35 - 49 - 50 - 52","31","x2"
"2007-01-13","1 - 21 - 23 - 25 - 26","4","x2"
"2007-01-10","36 - 42 - 45 - 53 - 54","36","x2"
"2007-01-06","1 - 24 - 40 - 49 - 50","38","x4"
"2007-01-03","10 - 12 - 24 - 35 - 55","31","x3"
"2006-12-30","9 - 23 - 28 - 31 - 36","26","x5"
"2006-12-27","14 - 16 - 27 - 29 - 41","29","x3"
"2006-12-23","8 - 27 - 43 - 52 - 53","5","x5"
"2006-12-20","1 - 6 - 14 - 26 - 34","34","x5"
"2006-12-16","5 - 17 - 28 - 36 - 51","5","x4"
"2006-12-13","19 - 32 - 33 - 42 - 54","15","x3"
"2006-12-09","19 - 22 - 30 - 34 - 52","40","x4"
"2006-12-06","7 - 34 - 35 - 36 - 38","14","x4"
"2006-12-02","17 - 34 - 42 - 45 - 50","11","x3"
"2006-11-29","2 - 8 - 9 - 12 - 19","25","x3"
"2006-11-25","5 - 18 - 28 - 49 - 55","38","x5"
"2006-11-22","22 - 32 - 36 - 49 - 55","8","x5"
"2006-11-18","1 - 8 - 19 - 36 - 42","20","x2"
"2006-11-15","11 - 28 - 30 - 34 - 43","29","x3"
"2006-11-11","35 - 38 - 40 - 49 - 55","41","x2"
"2006-11-08","8 - 11 - 12 - 26 - 53","4","x4"
"2006-11-04","12 - 13 - 34 - 39 - 44","5","x5"
"2006-11-01","7 - 8 - 13 - 46 - 54","35","x2"
"2006-10-28","14 - 22 - 30 - 38 - 41","12","x5"
"2006-10-25","16 - 40 - 42 - 43 - 48","1","x5"
"2006-10-21","9 - 29 - 31 - 45 - 55","7","x4"
"2006-10-18","2 - 24 - 34 - 41 - 48","24","x3"
"2006-10-14","1 - 15 - 17 - 26 - 40","19","x2"
"2006-10-11","5 - 10 - 12 - 35 - 38","9","x4"
"2006-10-07","3 - 4 - 8 - 31 - 45","12","x5"
"2006-10-04","3 - 7 - 27 - 39 - 40","8","x5"
"2006-09-30","6 - 15 - 30 - 32 - 39","5","x5"
"2006-09-27","23 - 28 - 33 - 35 - 49","16","x3"
"2006-09-23","13 - 21 - 26 - 45 - 50","20","x4"
"2006-09-20","7 - 8 - 17 - 29 - 54","26","x2"
"2006-09-16","7 - 8 - 26 - 27 - 42","12","x5"
"2006-09-13","15 - 19 - 26 - 45 - 47","3","x4"
"2006-09-09","3 - 19 - 20 - 22 - 47","2","x2"
"2006-09-06","2 - 21 - 27 - 35 - 55","1","x4"
"2006-09-02","3 - 8 - 24 - 28 - 49","25","x4"
"2006-08-30","3 - 19 - 33 - 35 - 43","1","x4"
"2006-08-26","24 - 26 - 38 - 42 - 46","16","x5"
"2006-08-23","8 - 17 - 24 - 38 - 51","31","x5"
"2006-08-19","12 - 22 - 26 - 29 - 51","9","x3"
"2006-08-16","2 - 13 - 22 - 48 - 50","2","x4"
"2006-08-12","13 - 14 - 18 - 27 - 54","32","x5"
"2006-08-09","16 - 19 - 41 - 43 - 52","35","x2"
"2006-08-05","2 - 3 - 9 - 48 - 50","23","x2"
"2006-08-02","10 - 13 - 16 - 19 - 24","15","x4"
"2006-07-29","14 - 19 - 26 - 39 - 55","29","x4"
"2006-07-26","5 - 10 - 17 - 24 - 43","31","x4"
"2006-07-22","14 - 40 - 47 - 54 - 55","6","x4"
"2006-07-19","2 - 32 - 38 - 44 - 50","21","x4"
"2006-07-15","20 - 35 - 36 - 47 - 50","5","x4"
"2006-07-12","18 - 19 - 30 - 31 - 33","15","x5"
"2006-07-08","32 - 37 - 44 - 49 - 50","13","x4"
"2006-07-05","26 - 39 - 41 - 52 - 53","20","x2"
"2006-07-01","2 - 31 - 35 - 40 - 42","34","x3"
"2006-06-28","2 - 8 - 16 - 45 - 51","32","x5"
"2006-06-24","8 - 11 - 30 - 39 - 47","23","x3"
"2006-06-21","11 - 19 - 22 - 43 - 45","34","x3"
"2006-06-17","10 - 20 - 22 - 39 - 48","25","x4"
"2006-06-14","4 - 14 - 15 - 40 - 48","12","x3"
"2006-06-10","16 - 24 - 26 - 36 - 54","11","x3"
"2006-06-07","4 - 10 - 20 - 26 - 40","8","x5"
"2006-06-03","5 - 6 - 18 - 20 - 50","35","x5"
"2006-05-31","10 - 20 - 22 - 43 - 49","3","x5"
"2006-05-27","6 - 23 - 27 - 41 - 47","19","x3"
"2006-05-24","2 - 3 - 12 - 47 - 51","10","x3"
"2006-05-20","2 - 9 - 23 - 44 - 45","38","x2"
"2006-05-17","15 - 17 - 24 - 26 - 35","38","x4"
"2006-05-13","19 - 28 - 30 - 47 - 54","13","x3"
"2006-05-10","3 - 4 - 11 - 37 - 44","24","x3"
"2006-05-06","12 - 23 - 25 - 32 - 38","27","x2"
"2006-05-03","4 - 6 - 19 - 38 - 42","37","x2"
"2006-04-29","19 - 30 - 35 - 40 - 41","14","x5"
"2006-04-26","12 - 24 - 26 - 48 - 55","14","x4"
"2006-04-22","4 - 5 - 6 - 18 - 27","24","x5"
"2006-04-19","5 - 28 - 32 - 34 - 53","10","x4"
"2006-04-15","13 - 18 - 23 - 28 - 46","33","x3"